exam_year,exam_session,exam_course,question_number,content,answer,explanation,subject
2024,52,1교시,1,결합조직 황색섬유 동맥 허파 분포 섬유는? ① 아교섬유 ② 탄력섬유 ③ 그물섬유 ④ 근원섬유 ⑤ 근육잔섬유,② 탄력섬유,"결합조직 섬유 특징 문제 핵심 단서: 황색섬유 신축성 요구 (동맥 허파)
① 아교섬유: 백색섬유 강한 장력 (인대 힘줄)
② 탄력섬유: 황색섬유 탄력성 (동맥 허파)
③ 그물섬유: 그물조직, 기관 지지 (림프절, 지라)
④⑤ 근원섬유/근육잔섬유: 근육 수축 요소 (결합조직 아님)",해부생리학
2024,52,1교시,2,뼈조직 흡수 골수공간 혈관 신경 통로 만드는 것은? ① 뼈세포 ② 뼈모세포 ③ 뼈바탕질 ④ 뼈파괴세포 ⑤ 뼈형성세포,④ 뼈파괴세포,"뼈 재형성 관여 세포 기능 문제 핵심 단서: 뼈조직 흡수 통로 만듦 (뼈 재흡수)
① 뼈세포: 성숙 뼈세포 뼈 유지 영양 공급
② 뼈모세포: 뼈 생성 세포 (조골세포) 흡수 반대
③ 뼈바탕질: 뼈 구성 기질 (세포 아님)
④ 뼈파괴세포: 뼈 파괴 흡수 (파골세포) 골수공간 통로 형성
⑤ 뼈형성세포: 뼈모세포 분화 전 줄기세포",해부생리학
2024,52,1교시,3,성별 골반 구조 옳은 설명은? ① 두덩밑각 여성 작다 ② 골반출구 여성 좁다 ③ 두덩결합 남성 짧다 ④ 위골반문 여성 심장형 남성 타원형 ⑤ 폐쇄구멍 여성 세모형 남성 타원형,⑤ 폐쇄구멍은 여성은 세모형 남성은 타원형이다,"남녀 골반 구조 차이 (여성: 출산 적합)
① 두덩밑각: 여성 넓음 남성 좁음
② 골반출구: 여성 넓음 (출산)
③ 두덩결합: 여성 짧음 (남성 김)
④ 위골반문: 여성 타원형 남성 심장형 (설명 반대)
⑤ 폐쇄구멍: 여성 세모형 남성 타원형 (옳은 설명)",해부생리학
2024,52,1교시,4,윤활관절 옳은 설명은? ① 관절면 섬유연골 ② 윤활액 마찰 감소 ③ 아교섬유 뼈사이막 연결 ④ 관절원반 일치성 감소 ⑤ 관절주머니 바깥층 윤활막,② 윤활액은 관절의 마찰을 감소시킨다,"윤활관절 구조 특징 문제
① 관절면: 유리연골 (섬유연골 아님)
② 윤활액: 마찰 감소 영양 공급 (옳은 설명)
③ 아교섬유 뼈사이막: 섬유관절 (인대결합) 설명
④ 관절원반: 일치성 증가 안정화
⑤ 관절주머니: 바깥층 섬유막 안쪽층 윤활막",해부생리학
2024,52,1교시,5,엉덩관절 관절주머니 뒤쪽 보강 나선형 인대는? ① 절구가로인대 ② 엉덩넙다리인대 ③ 두덩넙다리인대 ④ 궁둥넙다리인대 ⑤ 넙다리뼈머리인대,④ 궁둥넙다리인대,"엉덩관절 보강 인대 위치 문제
① 절구가로인대: 절구패임 가로지름
② 엉덩넙다리인대: Y자형 앞쪽 보강 (가장 강력)
③ 두덩넙다리인대: 앞아래쪽 보강
④ 궁둥넙다리인대: 뒤쪽 보강 나선형 주행
⑤ 넙다리뼈머리인대: 관절 안 (관절주머니 밖) 혈관 운반
핵심: 뒤쪽 나선형 인대는 궁둥넙다리인대",해부생리학
2024,52,1교시,6,등세모근에 관한 설명으로 옳은 것은? ① 가슴등신경의 지배를 받는다 ② 닿는곳은 어깨뼈의 안쪽모서리이다 ③ 위등세모근은 어깨뼈를 위로 올린다 ④ 중간등세모근은 어깨뼈를 앞으로 내민다 ⑤ 큰마름근과 작은마름근보다 깊은 층에 위치한다,③ 위등세모근은 어깨뼈를 위로 올린다,"등세모근(Trapezius) 기능 해부학 문제
① 지배신경: 더부신경 (Accessory nerve)
② 닿는곳: 빗장뼈가쪽 어깨뼈봉우리 어깨뼈가시
④ 중간등세모근: 어깨뼈 뒤당김 (Retraction)
⑤ 위치: 마름근보다 얕은 층 (가장 얕음)",해부생리학
2024,52,1교시,7,"다음에서 설명하는 근육은? • 이는곳: 위팔뼈의 안쪽위관절융기, 자뼈의 갈고리돌기 • 닿는곳: 노뼈 몸통의 가쪽면 • 신경지배: 정중신경 ① 원엎침근 ② 긴손바닥근 ③ 자쪽손목굽힘근 ④ 깊은손가락굽힘근 ⑤ 얕은손가락굽힘근",① 원엎침근,제시된 이는곳 닿는곳 신경지배는 원엎침근(Pronator teres)의 특징 원엎침근은 아래팔 엎침(Pronation) 작용,해부생리학
2024,52,1교시,8,두덩뼈 위가지에서 시작하여 넙다리뼈 두덩근선에 닿는 근육은? ① 두덩근 ② 반힘줄근 ③ 넙다리빗근 ④ 두덩정강근 ⑤ 넙다리곧은근,① 두덩근,엉덩관절 모음근(Adductor) 중 하나 두덩뼈 위가지에서 시작해 넙다리뼈 두덩근선에 닿는 근육은 두덩근(Pectineus),해부생리학
2024,52,1교시,9,정맥에 관한 설명으로 옳은 것은? ① 정맥은 동맥보다 중간막이 두껍다 ② 정맥판막은 혈액의 역류를 방지한다 ③ 정맥은 동맥보다 혈관벽의 탄력막이 두껍다 ④ 정맥은 높은 압력을 유지할 수 있는 압력혈관이다 ⑤ 허파정맥은 산소가 적은 혈액을 운반한다,② 정맥판막은 혈액의 역류를 방지한다,"정맥과 동맥 특징 비교 문제
①③ 혈관벽: 동맥이 정맥보다 중간막과 탄력막이 두꺼움 (고압 견딤)
② 판막: 정맥은 혈압이 낮아 혈액 역류 방지용 판막 존재
④ 압력: 동맥이 압력혈관 정맥은 용량혈관
⑤ 허파정맥: 허파에서 심장(왼심방)으로 산소 많은 피(동맥혈) 운반",해부생리학
2024,52,1교시,10,허파의 구조 중 혀구역(lingular segment)이 있는 곳은? ① 왼허파 위엽 ② 왼허파 아래엽 ③ 오른허파 위엽 ④ 오른허파 중간엽 ⑤ 오른허파 아래엽,① 왼허파 위엽,허파 구역 해부학 문제 혀구역(Lingula)은 오른허파의 중간엽(Middle lobe)에 상응하는 부위 왼허파(Left lung)는 2개엽 혀구역은 왼허파 위엽(Left upper lobe)에 포함됨,해부생리학
2024,52,1교시,11,날문조임근에서 시작하고 뒤배벽에 고정되어 있으며 온쓸개관과 이자관이 합쳐져 유입되는 소화기관은? ① 빈창자 ② 샘창자 ③ 오름잘록창자 ④ 가로잘록창자 ⑤ 내림잘록창자,② 샘창자,소화기관 해부학 문제 온쓸개관(Common bile duct)과 이자관(Pancreatic duct)이 합쳐지는 곳은 샘창자(Duodenum) 특히 샘창자의 둘째 부분(내림 부분)으로 유입됨,해부생리학
2024,52,1교시,12,음파의 전달 순서로 옳은 것은? ① 고막 → 망치뼈 → 모루뼈 → 등자뼈 → 안뜰창 ② 고막 → 모루뼈 → 망치뼈 → 등자뼈 → 안뜰창 ③ 고막 → 망치뼈 → 모루뼈 → 등자뼈 → 달팽이창 ④ 고막 → 등자뼈 → 모루뼈 → 망치뼈 → 달팽이창 ⑤ 고막 → 망치뼈 → 등자뼈 → 모루뼈 → 달팽이창,① 고막 → 망치뼈 → 모루뼈 → 등자뼈 → 안뜰창,귀의 소리 전달 순서 문제 음파가 고막(Tympanic membrane)을 진동시킴 이 진동이 귓속뼈(이소골)를 차례로 통과 (망치뼈 → 모루뼈 → 등자뼈) 최종적으로 등자뼈가 안뜰창(Oval window)을 밀어 속귀로 전달,해부생리학
2024,52,1교시,13,"방사선 과다 노출, 항생제 남용 등으로 골수가 혈구를 생성하는 능력을 상실했을 때 나타나는 빈혈은? ① 용혈빈혈 ② 출혈빈혈 ③ 악성빈혈 ④ 철결핍빈혈 ⑤ 재생불량빈혈",⑤ 재생불량빈혈,빈혈의 원인과 종류 문제 핵심: 골수(Bone marrow)의 혈구 생성 능력 상실 이는 조혈모세포 기능부전으로 발생하는 재생불량빈혈(Aplastic anemia),생리학 (병태생리)
2024,52,1교시,14,들숨예비용적과 일회호흡용적의 합은? ① 폐활량 ② 들숨용량 ③ 잔기용적 ④ 총폐용량 ⑤ 기능잔기용량,② 들숨용량,"폐용적 및 용량 정의 문제
들숨용량 (Inspiratory Capacity, IC) = 일회호흡용적 (Tidal Volume, TV) + 들숨예비용적 (Inspiratory Reserve Volume, IRV)",생리학
2024,52,1교시,15,"콩팥에서 수분을 마지막으로 재흡수하며, 최종 소변의 삼투질농도를 결정하여 유두로 소변을 배출하는 곳은? ① 토리 ② 집합관 ③ 헨레고리 ④ 먼쪽곱슬세관 ⑤ 토리쪽곱슬세관",② 집합관,콩팥(신장) 기능 해부학 문제 항이뇨호르몬(ADH)의 작용을 받아 수분 재흡수를 마지막으로 조절 최종 소변의 농도를 결정 소변을 콩팥유두로 배출하는 통로 이는 집합관(Collecting duct),생리학
2024,52,1교시,16,뇌하수체 뒤엽에서 분비하는 호르몬은? ① 항이뇨호르몬 ② 성장호르몬 ③ 황체형성호르몬 ④ 갑상샘자극호르몬 ⑤ 부신겉질자극호르몬,① 항이뇨호르몬,"뇌하수체 호르몬 구분 문제
뒤엽 (Posterior pituitary): 옥시토신(Oxytocin), 항이뇨호르몬(ADH)
앞엽 (Anterior pituitary): 성장호르몬, 황체형성호르몬, 갑상샘자극호르몬, 부신겉질자극호르몬 등",생리학
2024,52,1교시,17,특수한 기계를 이용하여 가해지는 힘에 상관 없이 관절이 일정한 각속도로 움직이는 동적 수축은? ① 등장수축 ② 등척수축 ③ 등속수축 ④ 동심수축 ⑤ 편심수축,③ 등속수축,근수축 형태 문제 핵심: '일정한 각속도' (Constant angular velocity) 이는 등속성(Isokinetic) 운동의 정의 특수 기계 (예: Cybex)를 이용해야 함,운동생리학 / 운동치료학
2024,52,1교시,18,처음 자극보다 더 강한 자극을 가했을 때 새로운 활동전위가 발생하는 것은? ① 문턱값 ② 실무율 ③ 상대불응기 ④ 안정막전위 ⑤ 절대불응기,③ 상대불응기,"신경세포 활동전위 불응기 문제
절대불응기: 어떤 강한 자극에도 반응 X
상대불응기: 문턱값(Threshold)보다 '더 강한 자극'에 반응 O",생리학 (신경생리)
2024,52,1교시,19,대뇌겉질에서 띠이랑과 안쪽이마이랑 사이의 경계를 이루는 것은? ① 띠고랑 ② 중심고랑 ③ 가쪽고랑 ④ 위관자고랑 ⑤ 새발톱고랑,① 띠고랑,대뇌 안쪽면 해부학 문제 뇌들보(Corpus callosum) 위쪽 띠이랑(Cingulate gyrus)이 위치 띠이랑의 위쪽 경계가 띠고랑(Cingulate sulcus) 띠고랑 위쪽이 안쪽이마이랑(Medial frontal gyrus),해부학
2024,52,1교시,20,시상과 가쪽뇌실 주위에서 고리모양을 이루고 기억과 감정에 관여하는 것은? ① 소뇌 ② 뇌줄기 ③ 사이뇌 ④ 바닥핵 ⑤ 둘레계통,⑤ 둘레계통,"뇌 기능 해부학 문제 핵심: '기억' '감정' '고리모양' 이는 둘레계통(변연계, Limbic system)의 주요 기능과 구조적 특징",해부생리학
2024,52,1교시,21,척수에서 교차가 이루어지는 신경로는? ① 적색척수로 ② 뒤척수소뇌로 ③ 가쪽척수시상로 ④ 가쪽겉질척수로 ⑤ 뒤기둥-안쪽섬유띠로,③ 가쪽척수시상로,"신경로 교차(Decussation) 위치 문제
① 적색척수로: 뇌줄기(중간뇌) 교차
② 뒤척수소뇌로: 교차 안함 (동측)
③ 가쪽척수시상로: 척수(앞백색맞교차) 교차
④ 가쪽겉질척수로: 뇌줄기(숨뇌) 교차
⑤ 뒤기둥-안쪽섬유띠로: 뇌줄기(숨뇌) 교차",신경해부학
2024,52,1교시,22,뇌신경 중에서 벌집뼈의 체판을 통과하는 것은? ① 시신경 ② 삼차신경 ③ 속귀신경 ④ 후각신경 ⑤ 혀밑신경,④ 후각신경,"뇌신경과 통과 구멍 문제 벌집뼈 체판(Cribriform plate)은 후각신경(Olfactory nerve, CN I)이 통과
① 시신경: 시각신경관
③ 속귀신경: 속귀길",해부학
2024,52,1교시,23,"생리학적 가로단면적이 가장 크며 자뼈에 부착하고 아래팔의 엎침, 뒤침에 영향을 받지 않으며 팔꿉관절 굽힘에 작용하는 근육은? ① 위팔근 ② 위팔노근 ③ 원엎침근 ④ 팔꿈치근 ⑤ 위팔두갈래근",① 위팔근,"팔꿉관절 굽힘근 기능 해부학 문제
위팔두갈래근: 노뼈 부착 엎침/뒤침 영향 받음
위팔근: 자뼈(Ulna) 부착 아래팔 위치 영향 없이 순수 굽힘
위팔근이 굽힘근 중 생리학적 단면적(PCSA)이 가장 큼",기능해부학
2024,52,1교시,24,관절 돌림축에 작용하는 힘과 작용하는 힘 사이의 수직거리를 곱하여 구할 수 있는 것은? ① 속력 ② 토크 ③ 일률 ④ 짝힘 ⑤ 역학적 이득,② 토크,"생체역학 용어 정의 문제 토크(Torque) 또는 돌림힘의 정의 토크 = 힘(Force) × 모멘트팔(Moment arm, 수직거리)",생체역학 (Kinesiology)
2024,52,1교시,25,"엄지 손목손허리관절의 맞섬에 관한 설명으로 옳은 것은? ① 긴엄지폄근과 손가락폄근이 작용근이다 ② 벌림, 굽힘, 안쪽돌림의 결합운동으로 일어난다 ③ 안정성과 큰 힘이 요구되는 갈고리식 잡기에 필요하다 ④ 손허리뼈의 볼록한 관절면은 손바닥방향으로 구르면서 미끄러진다 ⑤ 손허리뼈의 오목한 관절면은 노쪽방향으로 구르면서 미끄러 진다","② 벌림, 굽힘, 안쪽돌림의 결합운동으로 일어난다",엄지 맞섬(Opposition) 운동학 문제 엄지 손목손허리관절(CMC)은 안장관절 맞섬(Opposition)은 단일 운동이 아닌 복합운동 맞섬 = 벌림(Abduction) + 굽힘(Flexion) + 안쪽돌림(Medial rotation),기능해부학 (Kinesiology)
2024,52,1교시,26,위등세모근과 앞톱니근의 상호작용으로 유발되는 어깨뼈 운동은? ① 올림 ② 내림 ③ 뒤당김 ④ 위쪽돌림 ⑤ 아래쪽돌림,④ 위쪽돌림,어깨뼈 위쪽돌림(Scapular upward rotation) 짝힘(Force couple) 문제 위등세모근(Upper trapezius)은 어깨뼈를 위안쪽으로 당김 앞톱니근(Serratus anterior)은 어깨뼈를 앞가쪽으로 당김 두 힘이 협력하여 어깨뼈의 위쪽돌림 축을 만듦 팔을 들 때 필수적인 협력작용,기능해부학 (Kinesiology)
2024,52,1교시,27,허리앞굽음 증가 척추사이구멍의 좁아짐 척추돌기사이관절에 압박을 일으키는 골반의 움직임에 작용하는 짝힘근육은? ① 배곧은근-큰볼기근 ② 배곧은근-넙다리뒤근 ③ 큰볼기근-척주세움근 ④ 엉덩허리근-척주세움근 ⑤ 엉덩허리근-넙다리빗근,④ 엉덩허리근-척주세움근,제시된 자세는 골반 앞기울임(Anterior pelvic tilt) 골반 앞기울임은 짝힘(Force couple)으로 발생 앞쪽: 엉덩허리근(Iliopsoas)이 골반을 아래로 당김 뒤쪽: 척주세움근(Erector spinae)이 골반을 위로 당김,생체역학 (Kinesiology)
2024,52,1교시,28,무릎관절을 완전히 펼 때 고정된 넙다리뼈에 대해 정강뼈의 가쪽돌림이 유발되어 관절일치성이 증가하는 기전에 관여하는 근육은? ① 오금근 ② 넙다리빗근 ③ 두덩정강근 ④ 넙다리뒤근 ⑤ 넙다리네갈래근,⑤ 넙다리네갈래근,무릎관절 나사집 기전(Screw-home mechanism) 문제 무릎 폄(Extension) 마지막 범위에서 정강뼈가 가쪽돌림(External rotation) 됨 이 움직임은 무릎 폄의 주동근인 넙다리네갈래근(Quadriceps)이 수축할 때 넙다리뼈 안쪽관절융기 모양 때문에 자연스럽게 발생 오금근(Popliteus)은 반대로 굽힘 시작 시 이 잠김을 푸는 역할,기능해부학 (Kinesiology)
2024,52,1교시,29,바로누운자세에서 한쪽 뻗은다리올림 운동을 할 때 무릎을 완전 폄하면 엉덩관절 굽힘 운동범위가 제한되는 이유는? ① 큰볼기근의 수동불충분 ② 큰볼기근의 능동불충분 ③ 넙다리뒤근의 수동불충분 ④ 넙다리뒤근의 능동불충분 ⑤ 넙다리곧은근의 수동불충분,③ 넙다리뒤근의 수동불충분,넙다리뒤근(Hamstrings)은 두관절근육 (엉덩관절 폄 + 무릎관절 굽힘) 뻗은다리올림(SLR) 자세 (무릎 폄 + 엉덩관절 굽힘) 두 관절에서 동시에 근육이 최대로 늘어남 근육이 더 이상 늘어날 수 없어 관절 가동범위가 제한되는 현상 이를 수동불충분(Passive insufficiency)이라 함,생체역학 (Kinesiology)
2024,52,1교시,30,몸통을 폄시키는 근육 중 가장 가쪽에 위치하여 한쪽 수축으로 가쪽굽힘을 할 때 효율적으로 작용하는 근육은? ① 가시근 ② 뭇갈래근 ③ 가장긴근 ④ 반가시근 ⑤ 엉덩갈비근,⑤ 엉덩갈비근,척주세움근(Erector spinae)의 구성 문제 척주세움근은 안쪽에서 가쪽으로 가시근(Spinalis) - 가장긴근(Longissimus) - 엉덩갈비근(Iliocostalis) 순서 가장 가쪽에 위치한 엉덩갈비근이 가쪽굽힘(Lateral flexion)에 가장 큰 모멘트팔을 가져 효율적,기능해부학
2024,52,1교시,31,턱관절의 입 열기 마지막 단계에서 관절원반의 이동과 동반되는 움직임은? ① 아래턱뼈의 올림 ② 아래턱뼈의 뒤당김 ③ 아래턱뼈의 가쪽이동 ④ 아래턱뼈 관절융기의 앞쪽 구르기 ⑤ 아래턱뼈 관절융기의 앞쪽 미끄러짐,⑤ 아래턱뼈 관절융기의 앞쪽 미끄러짐,턱관절(TMJ) 입 열기(Opening) 운동학 초기 단계: 관절융기(Condyle)의 회전(Rotation) 후기/마지막 단계: 관절원반(Disc)과 관절융기가 함께 앞쪽으로 미끄러짐(Anterior gliding/translation),기능해부학 (Kinesiology)
2024,52,1교시,32,"들숨 시 가로막의 수축으로 유발되는 가슴안 용적 변화에 관한 설명으로 옳은 것은? ① 복장뼈를 위쪽으로 올려 가슴안 용적을 증가시킨다 ② 위쪽갈비뼈를 위쪽으로 올려 가슴안 용적을 증가시킨다 ③ 갈비뼈와 복장뼈를 아래쪽으로 내려 가슴안 용적을 감소시킨다 ④ 가슴우리의 안-가쪽, 앞-뒤쪽 직경으로 가슴안 용적을 증가시킨다 ⑤ 갈비뼈를 아래쪽으로 내리고 안쪽으로 당겨 가슴안 용적을 감소시킨다","④ 가슴우리의 안-가쪽, 앞-뒤쪽 직경으로 가슴안 용적을 증가시킨다","가로막(Diaphragm)은 주된 들숨근(Inspiration muscle) 가로막 수축 시 돔(Dome) 모양이 아래로 편평해짐 (수직 직경 증가) 동시에 아래쪽 갈비뼈를 들어 올려 펌프손잡이(Pump-handle) 양동이손잡이(Bucket-handle) 운동 유발 결과적으로 가슴우리의 모든 직경 (안-가쪽, 앞-뒤쪽, 수직)이 증가하여 용적이 커짐",기능해부학 / 생리학
2024,52,1교시,33,"발끝으로 서 있는 동안 가로활과 안쪽세로활을 지지하는 근육으로, 첫째발목발허리관절에 안정성을 제공하고 중간디딤기와 후기디딤기에서 첫째발가락선이 지면에 견고히 고정되도록 작용하는 근육은? ① 앞정강근 ② 긴종아리근 ③ 장딴지빗근 ④ 긴엄지폄근 ⑤ 긴발가락굽힘근",② 긴종아리근,발의 활(Arch) 지지 근육 문제 긴종아리근(Peroneus longus)은 발바닥을 가로질러 첫째발허리뼈 바닥에 부착 가로활(Transverse arch)과 안쪽세로활(Medial longitudinal arch)을 지지 발목관절 발바닥굽힘(Plantarflexion)과 가쪽번짐(Eversion) 작용 보행 시 첫째발가락선을 지면에 견고하게 고정(안정화)시키는 역할,기능해부학 (Kinesiology)
2024,52,1교시,34,보행 동안 몸통과 엉덩관절이 과도하게 앞뒤로 흔들리며 중간디딤기에서 몸통이 뒤쪽으로 젖힘되는 보행은? ① 가위보행 ② 발처짐보행 ③ 큰볼기근약화 보행 ④ 중간볼기근약화 보행 ⑤ 넙다리네갈래근약화 보행,③ 큰볼기근약화 보행,병적 보행(Pathologic gait) 문제 큰볼기근(Gluteus maximus)은 엉덩관절 폄(Hip extension) 주동근 이 근육 약화 시 디딤기(Stance phase)에서 엉덩관절이 굽혀지는 것을 방지하기 위해 몸통을 뒤쪽으로 젖힘(Trunk backward lurching) 이를 큰볼기근약화 보행이라 함,보행분석 (Kinesiology)
2024,52,1교시,35,연속직류의 효과는? ① 압전 효과 ② 광전 효과 ③ 광열 효과 ④ 화학적 효과 ⑤ 유도방출 효과,④ 화학적 효과,전기치료 기본 원리 문제 연속직류(Continuous direct current)는 극성(Polarity)이 변하지 않음 일정한 방향으로 전류가 흘러 이온(Ion) 이동 발생 이로 인해 양극(+)에서는 산성(Acidic) 반응 음극(-)에서는 염기성(Alkaline) 반응이 나타남 이를 화학적 효과라 하며 이온도입치료(Iontophoresis)의 기본 원리,물리적 인자치료 (Electrotherapy)
2024,52,1교시,36,저주파 전류자극 시 피부저항을 줄이는 방법은? ① 작은 전극을 사용한다 ② 치료 부위를 차갑게 한다 ③ 절연성 유분 물질을 바른다 ④ 전극 간의 거리를 좁게 한다 ⑤ 전극과 피부의 물기를 제거한다,④ 전극 간의 거리를 좁게 한다,"피부저항(Skin resistance) 감소 방법
전극 간 거리가 가까워지면 저항 감소
전극 크기가 커지면 저항 감소 (① 반대)
피부 온도를 높이면(따뜻하게) 저항 감소 (② 반대)
유분 물질(오일 로션)은 절연체로 저항 증가 (③ 반대)
물기(수분)는 전도성을 높여 저항 감소 (⑤ 반대, 단 전극 스펀지는 적셔야 함)
(※ 편집자 주: ④번 보기는 논란의 소지가 있을 수 있으나 다른 보기가 명백히 틀림. 일반적으로 저항은 거리에 비례하지만 총 임피던스 관점에서는 다를 수 있음. 하지만 문제의 의도는 전극 간 거리가 가까울 때 전류 경로가 짧아져 저항이 줄어드는 것을 묻는 것으로 보임. 가장 확실한 저항 감소법은 스펀지에 물을 적시거나 전극 크기를 키우는 것임)
(※ 최종답안 4번 근거 재확인: 저주파에서 조직 저항은 R = ρ(L/A) 공식을 따름. L(거리)이 줄면 R(저항)이 줄어듦. 따라서 ④가 정답)",물리적 인자치료 (Electrotherapy)
2024,52,1교시,37,전기 변성반응검사에서 감응전류로 근육을 자극할 때 완전변성 결과로 나타나는 반응은? ① 연축 ② 강축 ③ 반응 없음 ④ 느리고 완만한 수축 ⑤ 연축과 강축의 교대수축,③ 반응 없음,"전기진단(E-diag) 변성반응(RD) 문제
감응전류 (Faradic current): 짧은 맥동 (1ms) 교류. 정상 신경근육 자극 가능
직류전류 (Galvanic current): 긴 맥동 (100ms 이상) 직류. 탈신경근육 자극 가능
완전변성 (Full RD): 신경 손상으로 근육이 탈신경 상태.
완전변성 시 감응전류(짧은 자극)에는 반응 없음
직류전류(긴 자극)에만 '느리고 완만한 수축'을 보임",물리적 인자치료 / 진단평가
2024,52,1교시,38,양극 활성전극을 이용한 리도카인 약물의 이온도입치료 효과는? ① 항진균 ② 통증완화 ③ 부종완화 ④ 창상치유 ⑤ 칼슘용해,② 통증완화,"이온도입치료(Iontophoresis) 약물 극성 문제
리도카인 (Lidocaine): 국소마취제(통증완화), 양극(+) 약물
이온도입 원리: 같은 극끼리 밀어냄
약물이 양극(+)이므로 활성전극(Active electrode)도 **양극(+)**을 사용해야 함
효과: 국소 마취를 통한 통증완화
⑤ 칼슘용해: 아세트산(Acetic acid, 음극)
③ 부종완화: 덱사메타손(Dexamethasone, 음극)",물리적 인자치료 (Electrotherapy)
2024,52,1교시,39,고빈도-저강도 경피신경전기자극의 특징은? ① 근력강화에 이용한다 ② 맥동주파수는 1~4 pps이다 ③ Aβ 감각신경을 활성화한다 ④ 통증조절원리는 엔돌핀이론에 따른다 ⑤ 100 µA 미만의 전류를 사용한다,③ Aβ 감각신경을 활성화한다,"경피신경전기자극(TENS) 유형 문제 고빈도-저강도 TENS = 통상적(Conventional) TENS
원리: 관문조절설(Gate control theory)
자극신경: 굵은 감각신경인 Aβ (A-beta) 섬유 활성화
주파수: 고빈도 (80~150 pps) (② 아님)
강도: 저강도 (따끔하지만 근수축 없음)
통증조절: 엔돌핀 이론은 저빈도-고강도(침술유사) TENS (④ 아님)
⑤ 100 µA 미만은 미세전류(METS)",물리적 인자치료 (Electrotherapy)
2024,52,1교시,40,웨덴스키 억제와 운동종말판 피로를 줄이기 위해 주기적으로 단속하여 사용하는 물리적 인자치료는? ① 간섭전류자극 ② 신경근전기자극 ③ 기능적전기자극 ④ 경피신경전기자극 ⑤ 고전압맥동직류자극,① 간섭전류자극,"간섭전류치료(ICT) 특징 문제 두 개의 다른 중주파 전류를 교차시켜(간섭) 맥놀이주파수(저주파) 생성
웨덴스키 억제 (Wedensky inhibition): 지속적 고빈도 자극으로 인한 신경 차단
운동종말판 피로 (Motor endplate fatigue): 지속적 자극으로 인한 신경근접합부 피로
ICT는 중주파(수천 Hz)를 사용하여 피부저항 낮춤
전류를 주기적으로 단속(변조)하여 감각 순응 및 피로 현상을 줄임",물리적 인자치료 (Electrotherapy)
2024,52,1교시,41,초음파 치료 시 흡수계수가 가장 높은 조직은? ① 뼈 ② 근육 ③ 신경 ④ 지방 ⑤ 피부,① 뼈,"초음파(Ultrasound) 조직 흡수율 문제 초음파 에너지는 조직의 단백질 함량에 비례하여 흡수됨
흡수율 순서 (높음 → 낮음):
뼈 > 연골 > 힘줄/인대 > 근육 > 신경 > 피부 > 지방
뼈(Bone)가 반사 및 흡수율이 가장 높음 (과열 주의)
지방(Fat)은 흡수율이 매우 낮음",물리적 인자치료 (Thermotherapy)
2024,52,1교시,42,"빛이 임계각보다 큰 각으로 입사될 때, 경계면에서 반사되는 광선의 양은? ① 10% ② 25% ③ 50% ④ 75% ⑤ 100%",⑤ 100%,"광선(빛) 물리 법칙 문제 빛이 밀한 매질에서 소한 매질로 진행할 때 입사각이 특정 각도(임계각, Critical angle)보다 커지면 빛이 굴절하지 못하고 경계면에서 모두 반사됨 이를 **전반사(Total internal reflection)**라 함 이때 반사되는 양은 100%",물리적 인자치료 (Phototherapy)
2024,52,1교시,43,다음에서 설명하는 광선은? • 말초혈관확장에 의해 홍반이 발생 • 피부 신경말단에 흡수되며 온감을 느낌 • 치료기 사용 시 예열이 필요함 ① 감마선 ② 가시광선 ③ 단파 자외선 ④ 장파 자외선 ⑤ 장파 적외선,⑤ 장파 적외선,"광선치료 종류별 특징
홍반: 적외선(열) 또는 자외선(화학) 둘 다 가능
온감 (Warmth): 적외선(Infrared)의 주요 특징 (열치료)
예열 필요: 적외선 치료기(특히 비발광형) 특징
장파 적외선 (Far infrared): 피부 표면(신경말단)에 얕게 흡수되어 온감 유발
단파 적외선 (Near infrared)은 더 깊이 침투
자외선(UV)은 온감이 거의 없음",물리적 인자치료 (Phototherapy)
2024,52,1교시,44,"자외선 치료 시 최소홍반용량이 20초일 때, 4도홍반용량은? ① 100초 ② 150초 ③ 200초 ④ 250초 ⑤ 300초",③ 200초,"자외선(UV) 치료 용량 계산 문제
최소홍반용량 (MED): 1도 홍반 기준 (20초)
2도 홍반: 1도(MED) × 2.5배 (20 × 2.5 = 50초)
3도 홍반: 1도(MED) × 5배 (20 × 5 = 100초)
4도 홍반: 1도(MED) × 10배 (20 × 10 = 200초)",물리적 인자치료 (Phototherapy)
2024,52,1교시,45,"다음 설명에 해당하는 물리적 인자치료는? • 전도열 방식으로, 국소 충혈효과와 혈액순환이 증진됨 • 온도는 52~54℃로 높지만 물보다 비열과 열전도가 낮아 화상위험이 적음 • 손, 발 등의 국소부위에 간헐법, 지속법, 도포법, 붓는 방법을 적용할 수 있음 ① 밀기울욕 ② 유속치료 ③ 고온습포 ④ 파라핀욕 ⑤ 핀란드욕",④ 파라핀욕,"파라핀욕(Paraffin bath) 특징 문제
전도열(Conduction) 방식
온도 52~54℃: 물(40~43℃)보다 높음
낮은 비열/열전도: 높은 온도에도 화상 위험 적음 (물보다)
적용 부위: 손, 발 등 불규칙한 국소부위
적용 방법: 간헐법(Dip & Wrap), 지속법(Dip & Immersion) 등",물리적 인자치료 (Thermotherapy)
2024,52,1교시,46,"다음에서 설명하는 물리적 인자치료는? • 물 마사지효과 및 기계적 자극을 제공 • 침수한 신체부위를 물의 순환움직임으로 치료 • 화상, 궤양, 괴사조직 제거, 유착 감소, 석고붕대 제거 후에 적용 ① 반신욕 ② 마찰욕 ③ 교대욕 ④ 증기욕 ⑤ 소용돌이욕",⑤ 소용돌이욕,"수치료(Hydrotherapy) 종류 문제
물 마사지 / 기계적 자극: 소용돌이(Turbine) 핵심 효과
순환움직임: 소용돌이욕(Whirlpool) 정의
적응증: 화상/궤양의 괴사조직 제거(Debridement) 유착 방지",물리적 인자치료 (Hydrotherapy)
2024,52,1교시,47,"따뜻한 물에서 수중호흡운동, 아코디언동작, 다리회전동작을 통해 신체적 이완 및 안정감 유도가 목적인 수중운동치료기법은? ① 와츠 ② 할리윅 ③ 아이치 ④ 바드라가즈링 ⑤ 수중PNF운동",① 와츠,"수중운동치료(Aquatic therapy) 기법
와츠 (Watsu): Water + Shiatsu(지압). 따뜻한 물(34℃)
치료사가 환자를 안고(부유) 부드러운 움직임 스트레칭 지압 적용
목적: 신체 이완 안정감
아코디언동작 다리회전 등은 와츠의 특정 동작",수중치료
2024,52,1교시,48,"허리와 엉치 부위의 굽힘, 폄, 가쪽굽힘을 제한하는 보조기는? ① 윌리암 보조기 ② 체어백 보조기 ③ 테일러 보조기 ④ 쥬엣 보조기 ⑤ 나이트 보조기",⑤ 나이트 보조기,"척추 보조기(Spinal orthosis) 종류
LSO (허리엉치보조기):
윌리암 (Williams): 폄(Extension) 제한 (굽힘 허용)
나이트 (Knight): 굽힘, 폄, 가쪽굽힘 모두 제한 (회전은 일부 허용)
체어백 (Chair-back): 굽힘, 폄 제한 (가쪽굽힘은 일부 허용)
TLSO (등허리엉치보조기):
테일러 (Taylor): 굽힘, 폄 제한
쥬엣 (Jewett): 굽힘(Flexion) 제한 (과다폄 유도)",보조기 (Orthotics)
2024,52,1교시,49,다음에서 설명하는 아래팔 의지소켓은? • 매우짧은 잘린끝에 사용함 • 근력이 약하거나 관절운동범위 제한 시 비효율적임 • 스텝업 경첩 팔꿉관절장치를 통해 2:1 비율로 작동함 ① 분리형 소켓 ② 재래식 소켓 ③ 삽입형 소켓 ④ 흡착식 소켓 ⑤ 노스웨스턴 소켓,① 분리형 소켓,"아래팔 의지(Below-elbow prosthesis) 소켓
분리형 소켓 (Split socket): 매우 짧은 아래팔(Very short BE) 절단단에 사용
팔꿉관절 굽힘 각도가 부족할 때 사용
스텝업 경첩 (Step-up hinge): 기어(Gear) 원리 이용
절단단의 1도 움직임을 의지 2도 움직임으로 증폭 (2:1 비율)
단점: 근력이 많이 필요하고 조절이 어려움",의지 (Prosthetics)
2024,52,1교시,50,"다음에서 설명하는 보조도구는? • 평행봉 다음 단계에서 사용함 • 평지에서 유용하며 계단에서는 안정성이 적어 사용하기 어려움 • 양쪽 팔을 모두 사용해야 하며, 손잡이를 잡았을 때 팔꿉관절 굽힘각도는 20~30°임 ① 목발 ② 휠체어 ③ 보행기 ④ 지팡이 ⑤ 스트레처",③ 보행기,"보행 보조도구(Gait aids) 문제
평행봉 다음 단계: 안정성이 가장 높은 보행기(Walker)
계단 사용 어려움: 보행기의 대표적 단점
양쪽 팔 모두 사용: 보행기 특징
팔꿉관절 20~30° 굽힘: 모든 보행 보조도구의 표준 맞춤 각도",보조도구 (Assistive device)
2024,52,1교시,51,공중보건사업의 최소단위는? ① 개인 ② 가족 ③ 국가 ④ 지역사회 ⑤ 지방자치단체,④ 지역사회,공중보건(Public Health)의 정의 공중보건사업은 개인이나 가족이 아닌 '지역사회'(Community) 전체의 건강을 다루는 것 따라서 사업의 대상이자 최소 단위는 지역사회,공중보건학
2024,52,1교시,52,인구집단을 대상으로 질병의 발생분포나 경향을 알기 위해 사실적 현상 그대로를 조사하는 1단계 역학은? ① 기술역학 ② 분석역학 ③ 실험역학 ④ 이론역학 ⑤ 작전역학,① 기술역학,역학(Epidemiology)의 단계 핵심: '발생분포' '경향' '사실적 현상 그대로' '1단계' 이는 기술역학(Descriptive epidemiology)의 정의 기술역학은 '누가 언제 어디서' 질병에 걸렸는지 기술 분석역학은 '왜'(원인)를 밝히는 2단계,공중보건학 (역학)
2024,52,1교시,53,감수성 지수가 가장 높은 감염병은? ① 홍역 ② 폴리오 ③ 장티푸스 ④ 파라티푸스 ⑤ 세균성이질,① 홍역,감수성 지수: 면역이 없는 사람이 특정 감염병에 노출 시 감염될 확률 홍역(Measles)은 감수성 지수가 95% 이상으로 매우 높아 전염력이 가장 강한 질환 중 하나,공중보건학 (감염병)
2024,52,1교시,54,병원체가 소화기계로 침입되는 감염병은? ① 풍진 ② 수두 ③ 콜레라 ④ 디프테리아 ⑤ 유행성 이하선염,③ 콜레라,감염 경로 문제 핵심: 소화기계 침입 (경구 감염) 콜레라(Cholera)는 오염된 물이나 음식 섭취로 감염되는 대표적 수인성/소화기계 감염병 ①②④⑤ (풍진 수두 디프테리아 이하선염) 등은 주로 호흡기계로 침입,공중보건학 (감염병)
2024,52,1교시,55,구충·구서의 원칙에서 가장 효과적이고 근본적인 대책은? ① 성충의 구제 ② 발생후기에 구제 ③ 발생원 및 서식처 제거 ④ 국소적 범위에서 구제 실시 ⑤ 지역별로 산발적으로 구제 실시,③ 발생원 및 서식처 제거,구충 구서 (해충 및 쥐 방제) 원칙 핵심: '가장 효과적이고 근본적인 대책' 이는 환경위생 개선을 통한 '발생원 및 서식처 제거' 성충 구제(살충제)는 임시적 대책,공중보건학 (환경보건)
2024,52,1교시,56,어류의 생존에 필요한 용존산소량(DO)의 최소 기준은? ① 0.01 ppm ② 0.1 ppm ③ 0.5 ppm ④ 1.0 ppm ⑤ 5.0 ppm,⑤ 5.0 ppm,"용존산소량(DO, Dissolved Oxygen)은 물의 오염 지표 깨끗한 물일수록 DO가 높음 (약 7-10 ppm) DO 5.0 ppm 이하는 오염 시작 일반적으로 어류 생존을 위한 최소한의 기준으로 5.0 ppm을 요구",공중보건학 (환경보건)
2024,52,1교시,57,인구 억제책으로 피임에 의한 산아조절을 주장한 인구론은? ① 캐넌인구론 ② 적정인구론 ③ 안정인구론 ④ 지속인구론 ⑤ 신맬서스(신말더스)주의,⑤ 신맬서스(신말더스)주의,인구론 비교 맬서스(Malthus)주의: 인구는 기하급수적 식량은 산술급수적 증가 주장 (필연적 빈곤) 신맬서스주의 (Neo-Malthusianism): 맬서스 이론 계승. 인구 억제책으로 '피임' 등 산아조절을 적극 주장,공중보건학 (인구보건)
2024,52,1교시,58,"회의에 참석자가 많은 경우, 몇 개의 소그룹으로 나누어 토의하고 다시 전체 회의에서 발표하는 방법은? ① 세미나 ② 심포지엄 ③ 사례연구 ④ 분단토의 ⑤ 배심토의",④ 분단토의,보건교육 회의 방법 핵심: '참석자 많음' '소그룹 나누어 토의' '전체 회의 발표' 이는 분단토의(Buzz session)의 전형적인 방식 (일명 와글와글 학습),공중보건학 (보건교육)
2024,52,1교시,59,성공적인 공중보건사업을 위한 가장 중요한 요소는? ① 위생해충 관리 ② 보건교육 활동 ③ 보건법규의 완화 ④ 의료기관의 확대 ⑤ 행정적 규제의 완화,② 보건교육 활동,공중보건사업 성공 요소 공중보건은 지역사회 주민의 자발적 참여가 필수적 주민의 지식 태도 행동 변화를 유도하는 '보건교육 활동'이 사업 성공의 가장 중요한 요소,공중보건학
2024,52,1교시,60,영유아기에 신체계측을 통해 영양상태를 평가하는 지수는? ① 로허(Rohrer)지수 ② 동태지수 ③ 생활활동지수 ④ 카우프(Kaup)지수 ⑤ 브로카(Broca) 지수,④ 카우프(Kaup)지수,영양상태 평가 지수 핵심: '영유아기' '신체계측' 카우프(Kaup) 지수: 영유아 비만도 판정 (체중(g) / 신장(cm)² × 10) 로허(Rohrer) 지수: 학동기 아동 비만도 (체중(kg) / 신장(m)³ × 10) 브로카(Broca) 지수: 성인 표준체중,공중보건학 (모자보건)
2024,52,1교시,61,물리치료 측정 및 평가의 원리로 옳은 것은? ① 저항운동 수동운동 능동운동 순으로 평가한다 ② 신뢰성을 확보하기 위해 제3의 평가자가 재평가한다 ③ 수집한 내용은 문자 기호 숫자 그림 등으로 기록한다 ④ 손상 측을 먼저 평가하고 비손상 측을 나중에 평가한다 ⑤ 정확하게 평가하기 위해 움직이는 상태에서는 관찰하지 않는다,③ 수집한 내용은 문자 기호 숫자 그림 등으로 기록한다,물리치료 평가 기본 원칙 ① 순서: 능동운동 → 수동운동 → 저항운동 순서 ② 신뢰성(Reliability): 동일 평가자가 반복(검사자내) 또는 다른 평가자(검사자간)가 측정. 재평가 목적은 경과 확인 ④ 순서: 비손상 측(정상 측) 먼저 평가 후 손상 측 평가 (기준치 확보 및 환자 안심) ⑤ 관찰: 정적 자세뿐 아니라 움직이는 상태(동적)에서도 반드시 관찰 (예: 보행분석),물리치료 진단평가
2024,52,1교시,62,관절의 운동과 각도계의 운동팔 배치가 옳게 연결된 것은? ① 목 돌림-코끝을 따라 평행 ② 무릎관절 폄-정강뼈 정중선과 평행 ③ 손목관절 노쪽치우침-둘째 손허리뼈 정중선과 평행 ④ 엉덩관절 모음-양쪽 위앞엉덩뼈가시를 잇는 가상의 선과 평행 ⑤ 노자관절 엎침-손바닥쪽 자뼈붓돌기와 노뼈붓돌기를 잇는 가상의 선과 평행,① 목 돌림-코끝을 따라 평행,관절가동범위(ROM) 각도계(Goniometer) 측정 방법 ① 목 돌림: 축(Axis)은 머리 정수리 운동팔(Moving arm)은 코끝을 따라 평행하게 정렬 ③ 손목 노쪽치우침: 운동팔은 둘째가 아닌 셋째 손허리뼈(3rd metacarpal) ④ 엉덩관절 모음: 고정팔이 양쪽 ASIS 잇는 선 운동팔은 넙다리뼈(Femur) 정중선,물리치료 진단평가 (관절가동범위)
2024,52,1교시,63,무릎관절 굽힘에 대한 수동운동 검사의 마지막 범위에서 뼈와 뼈가 맞닿는 끝느낌을 받을 때 예상할 수 있는 것은? ① 윤활막염 ② 뼈곁돌기 형성 ③ 반달 열상 ④ 연부조직 부종 ⑤ 손상 후 보호성 연축,② 뼈곁돌기 형성,관절 끝느낌(End-feel) 평가 정상 무릎 굽힘 끝느낌: 연부조직 접근 (Soft tissue approximation) 문제 상황: '뼈와 뼈가 맞닿는 느낌' (Hard end-feel) 정상 범위보다 이른 시점의 딱딱한(Hard) 끝느낌은 비정상 원인: 관절내 유리체 뼈곁돌기(Osteophyte) 형성 골절 등,물리치료 진단평가
2024,52,1교시,64,뒤통수이마근 맨손 근력 검사를 하기 위해 이마에 수평 주름을 짓도록 지시했을 때 눈썹이 미세하게 움직였다. 평가 등급은? ① 정상 ② 기능적 ③ 기능적이지만 약함 ④ 기능적이지 못함 ⑤ 영,④ 기능적이지 못함,안면신경(얼굴신경) 근력검사 (켄달 기능 등급) 뒤통수이마근(Occipitofrontalis) 검사 (이마 주름) Poor (P) 등급: 완전한 이마 주름을 만들지 못하고 부분적인 움직임만 가능한 상태 Trace (T) 등급: 근육 수축이 촉진되나 가시적 움직임이 없는 상태 '미세한 움직임'을 완전한 운동(주름)을 못한 '부분적 움직임'(Poor)으로 해석 Poor 등급은 '기능적이지 못함'에 해당,물리치료 진단평가 (MMT)
2024,52,1교시,65,맨손 근력 검사에서 어깨관절 폄의 '가' 등급 자세와 같은 자세는? ① 발목관절 발바닥굽힘 '가' 등급 자세 ② 무릎관절 굽힘 '가' 등급 자세 ③ 엉덩관절 모음 '가' 등급 자세 ④ 어깨관절 벌림 '가' 등급 자세 ⑤ 어깨관절 굽힘 '가' 등급 자세,① 발목관절 발바닥굽힘 '가' 등급 자세,"MMT 자세 비교 (출제 오류 가능성 있음) 문제에서 '가' 등급(Fair, 3)을 물었으나 , 답안 ① 기준 시 '수' 등급(Poor, 2) 자세 비교로 추정됨 어깨관절 폄 '수' 등급 (Poor/2) 자세: 옆으로 누운 자세(Sidelying) 발목관절 발바닥굽힘 '수' 등급 (Poor/2) 자세: 옆으로 누운 자세(Sidelying) (참고: '가' 등급(Fair/3) 기준 시 어깨 폄 과 무릎 굽힘 모두 엎드린 자세(Prone)로 ②가 정답이 되어야 함)",물리치료 진단평가 (MMT)
2024,52,1교시,66,아킬레스힘줄반사 저하와 발 가쪽면에서의 감각손상을 보이는 환자의 근력이 약화되는 움직임은? ① 무릎관절 폄 ② 발목관절 가쪽번짐 ③ 발목관절 발등굽힘 ④ 발가락뼈사이관절 폄 ⑤ 엉덩관절 굽힘,② 발목관절 가쪽번짐,"신경뿌리(Nerve root) 병변 추정 문제 아킬레스힘줄반사 (Achilles reflex) 저하: S1 신경뿌리 발 가쪽면 감각손상: S1 신경뿌리 따라서 S1 신경뿌리(S1 Radiculopathy)가 지배하는 근육의 약화 S1 지배근: 장딴지근(Gastrocnemius), 종아리근(Peroneus longus/brevis) 등 S1 약화 시: 발목관절 발바닥굽힘(Plantarflexion) 및 가쪽번짐(Eversion) 약화",물리치료 진단평가 (신경계)
2024,52,1교시,67,피부 위에 숫자나 글자를 쓰는 자극을 인식하는 복합 감각은? ① 도서 감각 ② 입체 감각 ③ 진동 감각 ④ 통증 감각 ⑤ 고유 감각,① 도서 감각,복합감각(Cortical sensation) 검사 용어 도서 감각 (Graphesthesia): 피부 위에 쓴 글자나 숫자를 인식하는 능력 ② 입체 감각 (Stereognosis): 눈 감고 물건 만져서 알아맞히는 능력 ③④⑤: 기본 감각 또는 심부 감각,물리치료 진단평가 (신경계)
2024,52,1교시,68,갈비사이근과 앞쪽 가슴근이 늘어나고 가슴우리 앞뒤 직경이 증가되어 호흡곤란이 발생하는 비정상 자세는? ① 둥근등 ② 편평등 ③ 새가슴 ④ 술통가슴 ⑤ 오목가슴,④ 술통가슴,비정상 가슴우리 모양 핵심: '가슴우리 앞뒤 직경 증가' 이는 폐공기증(Emphysema) 등 만성폐쇄성폐질환(COPD) 환자에게서 특징적으로 나타남 공기가 폐에 갇혀(Air trapping) 가슴우리가 들숨 상태로 고정 가슴우리가 술통(Barrel)처럼 둥글게 변함 (AP diameter 증가) 갈비사이근 등 호흡근은 과다하게 늘어난(과팽창) 상태,물리치료 진단평가 (심폐계)
2024,52,1교시,69,중뇌의 흑색질이 퇴행되어 고릴라자세와 가속보행이 나타나는 환자에게 시행하는 평가 도구는? ① 라파포트 장애등급척도 ② 국제협력실조 평가척도 ③ 수정된 Schwab과 England의 ADL 평가척도 ④ 통합된 헌팅톤병 평가척도 ⑤ 근육위축가쪽경화증 기능평가척도,③ 수정된 Schwab과 England의 ADL 평가척도,질환별 평가도구 핵심 질환: '중뇌 흑색질 퇴행' '고릴라자세(굽은자세)' '가속보행' 이는 파킨슨병(Parkinson's Disease)의 특징 보기 중 파킨슨병 환자의 일상생활동작(ADL) 수행 능력을 평가하는 대표적 도구가 ③ Schwab and England ADL scale ② ICARS (실조증) ④ UHDRS (헌팅톤병) ⑤ ALSFRS (ALS),물리치료 진단평가 (신경계)
2024,52,1교시,70,검사자는 한 손으로 환자의 어깨뼈를 고정하고 다른 손으로는 손목을 잡고 안쪽돌림시킨 후 어깨면에서 최대로 들어 올렸을 때 어깨 부위에 통증을 호소하였다. 예상할 수 있는 것은? ① 가슴문 증후군 ② 어깨 충돌증후군 ③ 오목테두리 파열 ④ 가로위팔인대 파열 ⑤ 오목위팔관절 탈구,② 어깨 충돌증후군,어깨관절 특수검사(Special test) 검사 설명: 어깨 안쪽돌림(Internal rotation) + 수동적 굽힘(Passive flexion/elevation) 이는 어깨 충돌증후군(Impingement)을 검사하는 니어 검사(Neer test)와 유사한 동작 이 동작은 위팔뼈 큰결절과 부리봉우리활(어깨뼈봉우리) 사이 공간을 좁혀 충돌 유발,물리치료 진단평가 (근골격계)
2024,52,1교시,71,환자의 어깨에서 계단모양의 변형이 있을 때 예상할 수 있는 것은? ① 가시위근 힘줄염 ② 오목테두리 파열 ③ 어깨세모근 마비 ④ 봉우리빗장인대 파열 ⑤ 위팔두갈래근 힘줄염,④ 봉우리빗장인대 파열,어깨 특수검사 및 징후 '계단모양 변형' (Step deformity) 이는 봉우리(Acromion)와 빗장뼈(Clavicle) 사이가 분리되어 빗장뼈가 위로 튀어 오르는 것 봉우리빗장관절(AC joint) 손상 즉 봉우리빗장인대 파열의 대표적 징후,물리치료 진단평가 (근골격계)
2024,52,1교시,72,손허리손가락관절의 폄과 굽힘 위치 모두에서 몸쪽손가락뼈사이관절의 굽힘에 제한이 있다면 예상할 수 있는 것은? ① 곁인대 파열 ② 반달뼈 탈구 ③ 벌레근 단축 ④ 관절주머니 구축 ⑤ 깊은손가락굽힘근힘줄 파열,④ 관절주머니 구축,"손가락 관절 구축 검사 (Bunnell-Littler test)
벌레근 단축: MCP 폄 시 PIP 굽힘 제한 / MCP 굽힘 시 PIP 굽힘 가능
문제: MCP 폄과 굽힘 모두에서 PIP 굽힘 제한
이는 근육(벌레근) 문제가 아닌 관절 자체의 문제
즉 몸쪽손가락뼈사이관절(PIP)의 관절주머니 구축(Capsular tightness)을 의미",물리치료 진단평가 (근골격계)
2024,52,1교시,73,넷째 손가락 안쪽 절반 부위와 새끼손가락 손바닥 쪽이 저린 환자에게 적용해야 할 검사는? ① 코젠 검사 ② 팔렌 검사 ③ 머피 징후 검사 ④ 핀켈스타인 검사 ⑤ 팔꿉관절굽힘 검사,⑤ 팔꿉관절굽힘 검사,"신경 포착 검사
저림 부위: 넷째 손가락 안쪽(1/2) + 새끼손가락
이는 자신경(Ulnar nerve)의 감각 영역
자신경 포착(팔꿈치굴 증후군)을 검사하는 방법이 팔꿉관절굽힘 검사(Elbow flexion test)
① 코젠: 가쪽위관절융기염(정중신경) ② 팔렌: 손목굴증후군(정중신경) ④ 핀켈스타인: 드퀘르벵(노신경)",물리치료 진단평가 (근골격계)
2024,52,1교시,74,검사자가 환자의 무릎을 편 채 엉덩관절을 60° 정도 굽혔더니 환자가 통증을 호소하여 무릎을 약 20° 정도 굽힌 후 오금부위를 압박하였더니 통증이 재현되었다. 실시한 검사는? ① 후버 검사 ② 활시위 검사 ③ 슬럼프 검사 ④ 발살바 검사 ⑤ 넙다리신경 당김 검사,② 활시위 검사,"궁둥신경(좌골신경) 압박 검사
1단계 (SLR): 뻗은다리올림(SLR) 시 통증 (Lasegue's sign)
2단계 (무릎 굽힘): 무릎 굽혀 통증 감소 확인
3단계 (압박): 오금(Popliteal fossa) 부위 궁둥신경 압박 시 통증 재현
이는 활시위 검사(Bowstring test)의 정확한 절차",물리치료 진단평가 (근골격계)
2024,52,1교시,75,등·허리뼈에서 왼쪽으로 볼록한 C자 형태의 구조적 척추옆굽음증 환자에 관한 설명으로 옳은 것은? ① 왼쪽 몸통과 팔의 거리가 멀어져 있다 ② 척추뼈 몸통은 왼쪽으로 돌림되어 있다 ③ 오른쪽 갈비뼈가 뒤로 돌출되어 있다 ④ 오른쪽 어깨뼈가 위쪽돌림되어 있다 ⑤ 오른쪽 어깨가 높아져 있다,② 척추뼈 몸통은 왼쪽으로 돌림되어 있다,"척추옆굽음증(Scoliosis) 특징
왼쪽 볼록 C자 (Left convex): 가쪽굽힘(Lateral flexion) 방향이 왼쪽
척추뼈 몸통 돌림: 돌림(Rotation)은 항상 볼록한 쪽(Convex side)으로 발생 (왼쪽 돌림)
갈비뼈 돌출 (Rib hump): 돌림된 쪽(왼쪽)의 뒤쪽 갈비뼈가 돌출됨 (③ 반대)
어깨 높이: 볼록한 쪽(왼쪽) 어깨가 높아짐 (⑤ 반대)",물리치료 진단평가 (자세분석)
2024,52,1교시,76,검사자가 검사 즉 다리를 위로 한 채 옆으로 누워 있는 환자의 골반을 고정하고 수동적으로 무릎 펌과 엉덩관절 벌림시킨 후 손을 떼었더니 다리가 내려가지 않고 유지되었다면 단축된 근육은? ① 두덩정강근 ② 넙다리뒤근 ③ 엉덩허리근 ④ 넙다리곧은근 ⑤ 넙다리근막긴장근,⑤ 넙다리근막긴장근,"엉덩정강근막띠(IT band) 단축 검사
검사 자세: 오버 검사(Ober test) 설명
양성 반응: 다리가 내려가지 않고 벌림(Abduction) 상태 유지
의미: 넙다리근막긴장근(TFL) 및 엉덩정강근막띠(IT band)의 단축(Tightness)",물리치료 진단평가 (근골격계)
2024,52,1교시,77,엉치엉덩관절 병변이나 엉덩관절 병변 또는 L4 신경뿌리 병변을 확인하는 검사는? ① 질렛 검사 ② 엘라이 검사 ③ 갠슬렌 검사 ④ 피에달루 검사 ⑤ 플라밍고 검사,③ 갠슬렌 검사,"엉치엉덩관절(SI joint) 감별진단
갠슬렌 검사 (Gaenslen test): 한쪽 다리는 최대 굽힘 반대쪽 다리는 폄 시켜 엉치엉덩관절에 비트는 힘(Shear stress) 가함
엉치엉덩관절 병변 엉덩관절 병변 L4 신경 문제 감별에 사용",물리치료 진단평가 (근골격계)
2024,52,1교시,78,검사자가 검사 측 무릎을 완전히 굽힌 상태로 바로누운 환자의 정강뼈를 안쪽돌림한 후 무릎을 폈더니 환자의 무릎에서 딸깍거리는 소리와 함께 통증을 호소하였다. 손상된 구조물은? ① 가쪽반달 ② 안쪽반달 ③ 뒤십자인대 ④ 무릎뼈연골 ⑤ 앞십자인대,① 가쪽반달,"반달(Meniscus) 손상 검사 (McMurray test)
정강뼈 안쪽돌림(Internal rotation) + 무릎 폄: 가쪽반달(Lateral meniscus) 검사
정강뼈 가쪽돌림(External rotation) + 무릎 폄: 안쪽반달(Medial meniscus) 검사
문제에서 '안쪽돌림' 후 '폄' 시켰으므로 가쪽반달 손상",물리치료 진단평가 (근골격계)
2024,52,1교시,79,정강뼈의 피로골절이나 정강종아리관절의 인대결합 손상을 알아보는 검사는? ① 호파 검사 ② 톰슨 검사 ③ 뒤센느 검사 ④ 발목관절 앞끌기 검사 ⑤ 발뒤꿈치 주먹치기 검사,⑤ 발뒤꿈치 주먹치기 검사,"골절 및 인대결합 손상 검사
발뒤꿈치 주먹치기 (Heel thump test) / 압착 검사 (Squeeze test):
발목을 중립 위치에서 발뒤꿈치를 치거나(Thump) 정강뼈와 종아리뼈를 압착(Squeeze)
이때 통증이 발생하면 정강뼈 피로골절(Stress fracture)이나 먼쪽 정강종아리 인대결합(Syndesmosis) 손상 의심",물리치료 진단평가 (근골격계)
2024,52,1교시,80,다음 검사 결과에 해당하는 완전 척수손상 환자의 신경학적 손상 수준은? • 앉은자세에서 엉덩이 들기가 가능하며 셋째 손가락에 감각이 있다 • 보조도구를 이용한 옷 입고 벗기가 가능하고 독립적 식사활동과 손조절용 장애인 자동차 운전이 가능하다 ① C7 ② C6 ③ C5 ④ C4 ⑤ C3,① C7,"척수손상 레벨 기능
C6: 셋째 손가락 감각 없음. 손목 폄(Wrist extension) 가능 (힘줄고정술 Tenodesis grip)
C7: 셋째 손가락 감각(C7 피부 분절). 팔꿉관절 폄(Elbow extension) 가능 (위팔세갈래근 Triceps)
**'엉덩이 들기'(체중 이동)**는 C7 레벨에서 활성화된 위팔세갈래근으로 밀어내는 동작이 가능해야 함
'독립적 식사' '손조절 운전' 등은 C7의 기능 수준",물리치료 진단평가 (신경계)
2024,52,1교시,81,L4~5 수준 완전 척수손상 환자가 잔존기능으로 수행할 수 있는 최종적인 이동 능력은? ① 표준휠체어 독립적인 사용 ② 발목발보조기를 착용한 목발보행 ③ 보조기를 착용하지 않는 정상보행 ④ 조이스틱 전동휠체어 독립적인 사용 ⑤ 무릎발목발보조기를 착용한 목발보행,② 발목발보조기를 착용한 목발보행,"척수손상 레벨 보행
L4: 무릎 폄(Knee extension) 가능 (넙다리네갈래근)
L5: 발목 발등굽힘(Dorsiflexion) 가능 (앞정강근)
엉덩관절 폄(Hip extension) 근육(큰볼기근 S1)과 발목 발바닥굽힘(Plantarflexion) 근육(장딴지근 S1-2) 약화
따라서 보행 시 발목 처짐(Foot drop) 방지 및 안정성을 위해 발목발보조기(AFO) 필요
AFO와 목발(Crutch)을 이용하여 실내/짧은 거리 보행 가능",물리치료 진단평가 (신경계)
2024,52,1교시,82,급성 염증성 말초신경 말이집탈락으로 근력의 빠른 약화와 깊은힘줄반사 소실이 대칭적으로 발생하는 질환을 진단하기 위한 필수 소견은? ① 유전성으로 황새다리 변형이 나타난다 ② 운동실조와 운동 시 떨림이 나타난다 ③ 몸통보다 다리에서 증상이 먼저 시작된다 ④ 팔다리 근육의 약화와 해리성 감각상실이 나타난다 ⑤ 불수의적이고 불규칙한 빠른 반사적 움직임이 나타난다,③ 몸통보다 다리에서 증상이 먼저 시작된다,"질환 감별 진단
질환: 길랭-바레 증후군 (GBS) (급성 염증성 말이집탈락)
GBS 특징:
     상행성 마비: 다리(먼쪽)에서 증상이 시작되어 몸통(몸쪽)으로 빠르게 올라옴
     대칭적 근력 약화
     깊은힘줄반사 소실 (Areflexia)
① 황새다리: 샤르코-마리-투스 (CMT)
④ 해리성 감각상실: 척수물구멍증 (Syringomyelia)",물리치료 진단평가 (신경계)
2024,52,1교시,83,심각하게 흥분하고 고조된 반응을 보이며 공격적 상태인 외상성 뇌손상 환자의 란초로스 아미고스 인지기능 척도 수준은? ① 2단계 ② 4단계 ③ 6단계 ④ 8단계 ⑤ 10단계,② 4단계,"란초 로스 아미고스 척도 (RLAS)
4단계 (Level IV): 혼란-초조 단계 (Confused-Agitated)
환자는 매우 혼란스러우며 내외부 자극에 대해 '흥분' '공격적' 반응을 보임
안전에 대한 인식이 없고 주의집중이 매우 어려움",물리치료 진단평가 (신경계)
2024,52,1교시,84,뇌졸중 환자의 팔과 손의 기능을 평가하기 위해 17개 항목의 수행시간과 기능적 점수를 측정하는 평가도구는? ① 운동평가척도 ② 맨손기능 검사 ③ 울프 운동기능 검사 ④ 브룬스트롬 회복단계 ⑤ 퓨글-마이어 평가척도,③ 울프 운동기능 검사,"뇌졸중 상지 기능 평가도구
울프 운동기능 검사 (Wolf Motor Function Test, WMFT):
총 17개 항목 (15개 기능 + 2개 근력)
과제 '수행시간'과 '기능적 점수'(질)를 모두 측정하는 것이 핵심",물리치료 진단평가 (신경계)
2024,52,1교시,85,"운동의 방향, 범위, 힘 그리고 시간을 정확하게 조절하지 못하는 환자에게 적용해야 할 검사는? ① 시야 검사 ② 린네 검사 ③ 바르타 검사 ④ 온도눈떨림 검사 ⑤ 손가락맞대기 검사",⑤ 손가락맞대기 검사,"소뇌 기능 검사
증상: 운동측정곤란(Dysmetria) - 방향 범위 힘 시간 조절 실패
이는 소뇌(Cerebellum) 기능 저하로 인한 협응(Coordination) 장애
검사: 손가락코검사(Finger-to-nose) 손가락맞대기(Finger-to-finger) 등 협응 검사",물리치료 진단평가 (신경계)
2024,52,2교시,86,엉덩관절치환술 이후 엉덩관절의 모음과 가쪽돌림 근력이 약화된 환자의 말초신경 손상 유무를 확인하기 위한 감각검사 부위는? ① 볼기 가쪽 ② 넙다리 안쪽 ③ 종아리 안쪽 ④ 종아리 가쪽과 발등쪽 ⑤ 발의 가쪽 모서리와 발바닥쪽,② 넙다리 안쪽,"신경 손상 감별
엉덩관절 모음(Adduction) 약화: 모음근(Adductor) 그룹 약화
엉덩관절 가쪽돌림(External rotation) 약화: 가쪽돌림근 약화
이 근육들은 주로 폐쇄신경(Obturator nerve)의 지배를 받음
폐쇄신경 감각 영역: 넙다리 안쪽(Medial thigh)
엉덩관절치환술(THA) 시 폐쇄신경 손상 위험성 있음",물리치료 진단평가 (신경계)
2024,52,2교시,87,환자의 피부혈관계 자율신경손상 여부를 알아보기 위해 할 수 있는 발한 검사는? ① 눈압박 검사 ② 피부흥반 검사 ③ 요오드녹말 검사 ④ 얼음물담그기 검사 ⑤ 목동맥팽대반사 검사,③ 요오드녹말 검사,"자율신경계 검사 (발한 기능)
요오드-녹말 검사 (Iodine-starch test):
땀(수분)이 요오드와 녹말을 만나면 검은색으로 변하는 화학반응 이용
피부에 요오드와 녹말가루를 바른 후 발한을 유도
땀이 나지 않는 부위(자율신경손상)는 색 변화가 없음",물리치료 진단평가 (신경계)
2024,52,2교시,88,"비우세 대뇌반구의 관자엽이나 마루엽에 결손이 있을 때, 환자가 마비 측 신체를 제대로 인지하지 못하고 시각정보에 제한이 있다면 필요한 검사는? ① 교대불빛 검사 ② 직선이등분 검사 ③ 10m 보행 검사 ④ 기능적 팔 뻗기 검사 ⑤ 딕스-홀파이크 검사",② 직선이등분 검사,"편측무시(Unilateral neglect) 검사
증상: 비우세반구(보통 오른쪽) 마루엽 손상. 마비 측(왼쪽) 신체나 공간 인지 못함
검사:
     직선이등분 검사 (Line bisection test): 긴 선을 그어주고 가운데를 표시하라고 함 (한쪽으로 치우침)
     글자/별표 말소 검사 (Cancellation test)",물리치료 진단평가 (신경계)
2024,52,2교시,89,"정상 영아에게 나타나는 원시반사로, 태내에서 시작하고 출생 후 3~4개월에 사라지는 반사는? ① 양서류반응 ② 낙하산반사 ③ 먹이찾기반사 ④ 유인원자세반응 ⑤ 시각바로잡기반사",③ 먹이찾기반사,"원시반사(Primitive reflex) 소실 시기
먹이찾기반사 (Rooting reflex): 뺨 자극 시 입을 돌리는 반사. 생존에 필요
출현/소실: 태내 시작. 출생 후 3~4개월경 소실(통합)
② 낙하산반사 ⑤ 시각바로잡기: 원시반사 아님 (평생 지속 또는 발달 후 나타남)",물리치료 진단평가 (아동)
2024,52,2교시,90,심방이 재분극되면서 심실이 탈분극할 때의 심전도 파형은? ① P파 ② T파 ③ PR분절 ④ ST분절 ⑤ QRS복합파,⑤ QRS복합파,"심전도(ECG) 파형 의미
P파: 심방 탈분극 (수축)
QRS복합파: 심실 탈분극 (수축).
(동시에 **심방 재분극(이완)**이 일어나지만 QRS파의 강한 전위에 묻혀서 보이지 않음)
T파: 심실 재분극 (이완)",물리치료 진단평가 (심폐계)
2024,52,2교시,91,안정협심증 환자에게 시행한 6분 보행 검사에 관한 설명으로 옳은 것은? ① 최대운동검사이다 ② 검사 중 힘들어도 멈출 수 없다 ③ 점증적으로 보행속도를 높여야 한다 ④ 환자가 걸은 최대 거리를 측정한다 ⑤ 검사자가 환자의 앞에 서서 보행속도를 주도한다,④ 환자가 걸은 최대 거리를 측정한다,"6분 보행 검사 (6 Minute Walk Test, 6MWT)
목적: 6분 동안 '안전하게 걸을 수 있는 최대 거리' 측정 (심폐 지구력 평가)
방법: 최대하(Submaximal) 검사 (① 아님)
환자 스스로 속도를 조절 (⑤ 아님)
힘들면 쉬었다가 다시 걸을 수 있음 (② 아님)",물리치료 진단평가 (심폐계)
2024,52,2교시,92,폐공기증 환자의 기도 폐쇄 정도를 평가하기 위해 공기를 최대로 들이마신 후 1초 안에 허파의 공기를 폭발적으로 내쉬는 검사는? ① 최대날숨압 검사 ② 폐확산능력 검사 ③ 최대날숨유속 검사 ④ 최대환기량 검사 ⑤ 기관지수축유발 검사,③ 최대날숨유속 검사,"폐기능 검사(PFT) 용어
질환: 폐공기증(Emphysema) - 폐쇄성 폐질환
검사: 최대 노력성 날숨(FVC) 중 처음 1초간 내쉰 공기량 (FEV1)
FEV1 / FVC 비율 (FEV1%)은 기도 폐쇄 정도를 나타내는 중요 지표
이 검사를 포괄하는 용어가 최대날숨유속(Peak Expiratory Flow, PEF) 또는 노력성 폐활량 측정",물리치료 진단평가 (심폐계)
2024,52,2교시,93,만성기관지염 환자의 폐기능 검사 결과로 옳은 것은? ① 들숨용량 증가 ② 일회호흡량 증가 ③ 날숨예비량 증가 ④ 기능잔기용량 증가 ⑤ 1초간노력성날숨량 증가,④ 기능잔기용량 증가,"폐쇄성 폐질환(COPD) (만성기관지염, 폐공기증)의 폐기능 특징
기도 폐쇄: 날숨(Expiration)이 어려움
공기가 폐에 갇힘 (Air trapping)
결과:
     1초간노력성날숨량(FEV1) 감소 (⑤ 아님)
     잔기용량(RV) 증가
     기능잔기용량(FRC) 증가 (FRC = RV + ERV)",물리치료 진단평가 (심폐계)
2024,52,2교시,94,햇빛에 노출된 피부에 홍반을 동반한 가려움증이 나타났을 때 하는 검사는? ① 광검사 ② 확대경검사 ③ 암시야검사 ④ 피부접촉검사 ⑤ 투베르쿨린검사,① 광검사,"피부과 검사
증상: 햇빛(광선) 노출 후 피부 반응 (홍반 가려움)
의심: 광과민증 (Photosensitivity)
검사: 광검사(Phototest) 또는 광첩포검사(Photopatch test)
특정 파장의 자외선(UVA, UVB)이나 가시광선을 피부에 쪼여 반응을 확인",물리치료 진단평가 (피부)
2024,52,2교시,95,아토피 피부염에서 흔히 나타나며 표피 전체와 진피의 일부가 가죽처럼 두꺼워지고 피부의 광택과 유연성이 감소하며 피부주름이 뚜렷해지는 피부 징후는? ① 딱지 ② 비늘 ③ 균열 ④ 흉터 ⑤ 태선화,⑤ 태선화,"피부 병변 용어
원인: 아토피 피부염 등 만성적 가려움증으로 계속 긁음
결과: 피부가 두꺼워지고(Thickening) 주름이 뚜렷해짐 (가죽 질감)
용어: 태선화 (Lichenification)",물리치료 진단평가 (피부)
2024,52,2교시,96,"최적의 중재법을 선택하기 위하여 근거중심물리치료를 수행 할 때, 물리치료사의 의사결정이 필요한 내용을 PICO(P: 환자, I: 중재법, C: 비교가 되는 중재법, O: 목표로 하는 결과)의 형태로 구체화하고 조직화하는 단계는? ① 근거 검색 ② 근거 선택 ③ 임상 적용 ④ 치료결과 평가 ⑤ 임상질문 작성",⑤ 임상질문 작성,"근거중심실무(EBP) 5단계
1단계: 임상질문 작성 (Ask) - PICO 형태로 질문 구체화
2단계: 근거 검색 (Acquire)
3단계: 근거 비평 (Appraise)
4단계: 임상 적용 (Apply)
5단계: 평가 (Assess)
PICO는 1단계 '임상질문 작성'의 핵심 요소",물리치료 진단평가 (연구방법론)
2024,52,2교시,97,"한 명의 대상자 또는 동일한 특성으로 묶인 한 집단을 대상으로 중재에 대하여 어떤 반응을 보이는지 알아보기 위한 연구 형태는? ① 메타분석 ② 단면연구 ③ 체계적고찰 ④ 단일사례연구 ⑤ 무작위대조군연구
정답: ④ 단일사례연구
정답: ④ 단일사례연구
핵심: '한 명의 대상자' '한 집단'
이는 단일사례연구(Single-subject research design)의 정의
대상자에게 중재(I)를 적용하고 그 반응(O)을 반복 측정 (예: ABAB 디자인)
분류: 물리치료 진단평가 (연구방법론)
98. 국제기능·장애·건강분류(ICF)를 구성하는 건강요소 중에서 '개개인의 사회적 역할 수행'을 의미하는 용어는? ① 활동 ② 참여 ③ 건강상태 ④ 환경요인 ⑤ 개인요인",② 참여,"ICF 모델 구성요소
신체기능/구조: (Body Function/Structure)
활동 (Activity): 개인이 과제를 수행하는 것 (예: 걷기 옷 입기)
참여 (Participation): '사회적 역할 수행' (예: 직장 가기 학교 가기 동호회 활동)
환경/개인요인: (Contextual Factors)",물리치료 진단평가 (ICF)
2024,52,2교시,99,환자/고객관리모델에서 다음과 같은 정보를 바탕으로 측정 항목을 결정하는 단계는? • 가슴 앞을 가로질러 오른쪽 팔을 뻗을 때 어깨 통증을 호소함 • 팔을 위로 들어 옷을 입고 벗기가 어렵다고 호소함 • 배드민턴 동호회 활동을 하지 못함 ① 검진 ② 평가 ③ 중재 ④ 예후 ⑤ 물리치료 진단,① 검진,"환자/고객관리모델 (Patient/Client Management Model)
검진 (Examination): 환자의 주관적 정보(병력 청취)와 객관적 정보(검사/측정)를 수집하는 단계.
     병력 청취 (History): 환자의 호소(통증 옷 입기 어려움 활동 제한)를 듣는 것
     체계 검토 (Systems Review)
     검사 및 측정 (Tests and Measures): 병력 청취를 바탕으로 '측정 항목을 결정' (예: ROM MMT 특수검사)
평가 (Evaluation): 검진(①)에서 수집한 정보를 해석하고 판단하는 과정
제시된 내용은 환자의 호소(병력)를 듣고 어떤 검사(측정 항목)를 할지 결정하는 '검진' 단계에 해당",물리치료 진단평가 (관리모델)
2024,52,2교시,100,"척수손상환자가 퇴원 후 일상생활활동에 제한이 있어 가정방문 물리치료를 의뢰하였다. 자조, 이동성, 호흡 및 항문 위생 등 3가지 영역의 19개 항목을 인터뷰와 관찰의 형태로 평가하는 측정도구는? ① 바델지수 ② 운동평가척도 ③ ASIA 장애척도 ④ 척수손상독립측정 ⑤ 기능적독립측정",④ 척수손상독립측정,"척수손상(SCI) 특화 평가도구
척수손상독립측정 (Spinal Cord Independence Measure, SCIM):
SCI 환자의 ADL 수행 능력을 평가하는 도구
구성: 자조(Self-care) 호흡/항문(Respiration/Sphincter) 이동성(Mobility) (총 19개 항목)",물리치료 진단평가 (신경계)
2024,52,2교시,101,물리치료사는 가설지향알고리즘 II 절차에 따라 다음의 정량적 결과를 수집하였다. SOAP 노트의 어느 단락에 기록해야 하는가? • 오른쪽 무릎 통증: VAS 6 • 다리기능척도(LEFS): 26점 ① 예후 ② 치료계획 ③ 주관적 정보 ④ 객관적 정보 ⑤ 문제목록 작성,④ 객관적 정보,"SOAP 노트 작성
S (Subjective): 주관적 정보 (환자의 말)
O (Objective): 객관적 정보 (치료사가 측정/관찰한 '정량적 결과')
     VAS (시각통증척도) 점수
     LEFS (기능척도) 점수
     ROM MMT 특수검사 결과 등
A (Assessment): 평가 진단 예후
P (Plan): 치료계획",물리치료 진단평가 (기록)
2024,52,2교시,102,"연구를 목적으로 환자의 정보를 수집하고자 할 때, 연구 윤리로 옳은 것은? ① 환자는 동의한 후 본인의 결정을 번복할 수 없다 ② 환자에게 연구 목적과 자료수집 과정을 비밀로 한다 ③ 정보를 수집한 후 기관생명윤리위원회에 심의를 신청한다 ④ 물리치료사는 환자의 동의를 구하는 절차를 생략할 수 있다 ⑤ 환자에게 연구 목적을 충분히 설명하고, 동의서를 받은 후 연구를 진행한다","⑤ 환자에게 연구 목적을 충분히 설명하고, 동의서를 받은 후 연구를 진행한다","연구 윤리 (IRB)
사전 동의 (Informed Consent): 연구 진행 전 반드시 환자(대상자)에게 연구 목적 절차 위험 이익 등을 '충분히 설명'하고 '자발적인 동의서'를 받아야 함
① 동의 후에도 언제든 철회 가능
② 비밀 유지 반대 (설명 의무)
③ 심의 신청은 정보 수집 '전'에 받아야 함",물리치료 진단평가 (연구윤리)
2024,52,2교시,103,뇌졸중으로 운동치료를 받던 환자가 병원균에 감염되어 격리치료를 받게 되었다. 물리치료사와 친분이 있는 다른 환자가 A 환자의 격리치료 사유를 물어볼 때 대응방법으로 옳은 것은? ① 물리치료실 책임자와 상의 후 알려준다 ② 담당 간호사를 찾아가서 알아보라고 한다 ③ 자세하게 알려주고 감염에 관해 주의를 시킨다 ④ 사유를 알려주면서 혼자만 알고 있으라고 한다 ⑤ 개인정보이므로 알려줄 수 없음을 설명한다,⑤ 개인정보이므로 알려줄 수 없음을 설명한다,의료 윤리 (비밀유지 원칙) 의료인은 환자의 질병 및 치료에 관한 모든 정보를 비밀로 유지해야 할 의무가 있음 (환자의 개인정보) 친분이 있더라도 타 환자의 정보를 절대 누설해서는 안 됨 '개인정보보호' 원칙에 따라 알려줄 수 없음을 설명하는 것이 정답,물리치료 진단평가 (의료윤리)
2024,52,2교시,104,"환자가 근력검사를 받는 다리를 위로 하고 옆으로 누운 자세에서 저항 없이 중력에 대항하여 다리 벌림을 하였으나, 완전 운동범위를 수행하지 못하였다. 추가로 해야 할 이학적 검사는? ① 오버 검사 ② 엘라이 검사 ③ 펠프스 검사 ④ 토마스 검사 ⑤ 트렌델렌부르크 검사",⑤ 트렌델렌부르크 검사,"MMT 및 근력 약화 평가
상황: 옆으로 누워 다리 벌림 (엉덩관절 벌림, Gluteus medius)
결과: 중력 저항(Fair, 3등급)으로 완전 범위 수행 못함 (Fair- 또는 Poor+)
이는 중간볼기근(Gluteus medius) 약화 의심
추가 검사: 중간볼기근 약화를 확인하는 다른 검사
⑤ 트렌델렌부르크 검사 (Trendelenburg test): 중간볼기근 약화 시 지지하는 쪽 골반이 내려가는 징후 확인",물리치료 진단평가 (MMT / 근골격계)
2024,52,2교시,105,8개월 유아를 둔 부모가 자녀의 운동발달 지연 여부를 알아보기 위하여 물리치료실에 온 경우 사용할 수 있는 평가 도구는? ① 대동작기능평가 ② 신생아행동평가척도 ③ 대동작기능분류체계 ④ 앨버타유아운동발달평가 ⑤ 수정된 영유아자폐점검표,④ 앨버타유아운동발달평가,"영유아 발달 평가도구
대상: 8개월 유아
AIMS (Alberta Infant Motor Scale, 앨버타):
     대상 연령: 출생 ~ 18개월 (8개월 포함)
     특징: 정상 발달 아동 및 발달 지연 위험군 아동의 대동작(Gross motor) 발달을 평가
① GMFM: 주로 뇌성마비 아동 대상
② NBAS: 신생아(출생 직후) 대상
③ GMFCS: 뇌성마비 아동의 기능 '분류' 체계","물리치료 진단평가 (아동)
(2교시)"
2024,52,1교시,1,뼈되기근육염의 임상양상은? ① 전신발열이 발생 ② 전신감염 후에 발생 ③ 발생 부위에 국소압통 발생 ④ 후 지속적 고정 시 발생 ⑤ 초기 증상은 없고 과운동성이 발생,③ 발생 부위에 국소압통 발생,"뼈되기근육염 (Myositis Ossificans) 근육 조직 내에 뼈 조직(이소성 골화)이 생기는 것 주로 타박상(Contusion) 등 외상 후 발생
임상 양상:
     외상 후 1~2주 뒤 발생 부위가 붓고 단단해짐
     국소압통 (Local tenderness) 및 통증
     관절운동범위(ROM) 제한",물리치료 중재 (근골격계)
2024,52,1교시,2,물리치료사가 옆으로 누운 환자의 위쪽 다리의 엉덩관절과 무릎관절을 굽힘한 상태에서 모음하였더니 볼기 부위에 통증과 넙다리 뒤쪽으로 방사통이 나타났다. 관련된 질환의 양상은? ① 두덩결합 분리 ② 궁둥구멍근 비대 ③ 넙다리곧은근 약화 ④ 서 있을 때 통증 감소 ⑤ 오른쪽 뻗은 다리 올림 시 통증 감소,② 궁둥구멍근 비대,"궁둥구멍근 증후군 (Piriformis Syndrome)
궁둥구멍근(Piriformis): 엉덩관절 굽힘 시 가쪽돌림 / 폄 시 벌림 작용
검사: 엉덩관절 굽힘 + 모음 + 안쪽돌림 시 궁둥구멍근이 신장(Stretch)되면서 아래 궁둥신경(좌골신경) 자극
증상: 볼기(엉덩이) 통증 및 넙다리 뒤쪽 방사통 (좌골신경통 유사)
양상: 궁둥구멍근 비대(Hypertrophy) 또는 단축(Tightness)이 원인",물리치료 중재 (근골격계)
2024,52,1교시,3,손등으로 바닥을 짚고 넘어지면서 노뼈의 먼쪽 골절 후 골절편이 손바닥쪽으로 이동되는 변형은? ① Z형 변형 ② 포크 변형 ③ 정원삽 변형 ④ 백조목 변형 ⑤ 갈퀴손 변형,③ 정원삽 변형,"먼쪽 노뼈(Distal radius) 골절 변형
넘어진 방식: 손등으로 바닥 짚음 (손목 굽힘 상태)
골절편 이동: 손바닥쪽(Volar/Palmar)
변형: 스미스 골절 (Smith's fracture)
별칭: 정원삽 변형 (Garden spade deformity)
② 포크 변형 (Dinner fork deformity): 콜리스 골절(Colles' fracture). 손바닥으로 짚음. 골절편이 손등쪽(Dorsal) 이동",물리치료 중재 (근골격계)
2024,52,1교시,4,환자가 높은 곳에서 지면을 발로 디디면서 떨어져 목말뼈가 정강뼈와 종아리뼈 사이로 솟아올라 종아리뼈의 먼쪽 골절과 뼈사이인대가 파열된 골절은? ① 포트골절 ② 범퍼골절 ③ 발배뼈골절 ④ 뒤퓌트랑골절 ⑤ 발꿈치뼈골절,④ 뒤퓌트랑골절,"발목 골절 유형
기전: 높은 곳에서 떨어져 목말뼈(Talus)가 정강-종아리 사이(Mortise)를 뚫고 올라감
손상: 종아리뼈(Fibula) 먼쪽 골절 + 뼈사이인대(Interosseous ligament) 파열 (인대결합 손상)
명칭: 뒤퓌트랑 골절 (Dupuytren's fracture) / (Maisonneuve fracture와 유사 기전)",물리치료 중재 (근골격계)
2024,52,1교시,5,레그-칼베-페르테스병의 임상양상은? ① 발목 통증이 심함 ② 밖굽이무릎으로 변형됨 ③ 장딴지근이 가성비대됨 ④ 엉덩관절 굽힘근이 단축됨 ⑤ 양쪽 다리 길이가 차이 없음,④ 엉덩관절 굽힘근이 단축됨,"LCPD (Legg-Calvé-Perthes Disease) 넙다리뼈머리(Femoral head) 무혈성 괴사 (소아)
임상 양상:
     엉덩관절 통증 (때때로 무릎 통증 방사)
     다리 절뚝거림 (Limping)
     엉덩관절 벌림(Abduction) 및 안쪽돌림(Internal rotation) 제한
     엉덩관절 굽힘근(Hip flexor) 단축으로 인한 굽힘 구축(Flexion contracture) 발생
     환측 다리 길이 단축 (⑤ 아님)",물리치료 중재 (근골격계/소아)
2024,52,1교시,6,"바로선자세의 환자 이마면 평가 시, 양쪽 무릎이 맞닿고 양쪽 안쪽복사 사이가 7cm로 벌어졌다. 관련된 기형의 특성으로 옳은 것은? ① 반막근이 단축 ② 반힘줄근이 단축 ③ 넙다리빗근이 단축 ④ 안쪽곁인대가 늘어남 ⑤ 엉덩정강근막띠가 늘어남",④ 안쪽곁인대가 늘어남,"무릎 변형 (Genu Valgum)
소견: 밖굽이무릎 (Genu valgum)
     양쪽 무릎이 맞닿음 (Knock-knee)
     안쪽복사(Medial malleolus) 사이 벌어짐
특성 (Genu valgum):
     무릎 안쪽(Medial) 구조물 (예: 안쪽곁인대 MCL)은 과도하게 늘어남(Stretched)
     무릎 가쪽(Lateral) 구조물 (예: 엉덩정강근막띠 IT band)은 단축(Tightened) (⑤ 아님)
     넙다리빗근(Sartorius) 등 안쪽 근육은 늘어남 (③ 아님)",물리치료 중재 (근골격계)
2024,52,1교시,7,오목위팔관절 탈구의 합병증에 관한 설명으로 옳은 것은? ① 뒤쪽 탈구로 인한 힐삭스병변 ② 앞쪽 탈구로 인한 겨드랑신경 손상 ③ 뒤쪽 탈구로 인한 뱅가르트병변 ④ 앞쪽 탈구로 인한 위팔뼈작은결절 골절 ⑤ 뒤쪽 탈구로 인한 부리돌기 골절,② 앞쪽 탈구로 인한 겨드랑신경 손상,"어깨관절 탈구 합병증
앞쪽 탈구 (Anterior dislocation): 가장 흔함
     위팔뼈머리가 앞아래로 빠짐
     합병증:
         겨드랑신경 (Axillary nerve) 손상 (가장 흔한 신경손상)
         뱅가르트 병변 (Bankart lesion): 앞아래쪽 관절테두리 파열 (③ 아님)
         힐삭스 병변 (Hill-Sachs lesion): 위팔뼈머리 뒤가쪽 압박골절 (① 아님)
         위팔뼈 큰결절(Greater tuberosity) 골절 (④ 아님)",물리치료 중재 (근골격계)
2024,52,1교시,8,L4 허리뼈 아래의 척추사이원반이 뒤가쪽으로 탈출되어 신경눌림이 발생했을 때 나타날 수 있는 증상은? ① 큰엉덩근의 근력약화 ② 넙다리 안쪽의 감각이상 ③ 아킬레스힘줄반사의 소실 ④ 발뒤꿈치 가쪽의 감각이상 ⑤ 긴엄지발가락폄근의 근력약화,⑤ 긴엄지발가락폄근의 근력약화,"추간판 탈출증 (HIVD) 레벨별 증상
L4 허리뼈 아래: L4-L5 척추사이원반(Disc) 탈출
눌리는 신경: L5 신경뿌리 (Nerve root)
L5 신경 증상:
     근력 약화: 긴엄지발가락폄근(EHL) 발등굽힘(Dorsiflexion) 약화
     감각 이상: 종아리 가쪽 발등
     반사: 해당 없음
① 큰엉덩근 약화: S1
② 넙다리 안쪽 감각: L2/L3
③ 아킬레스 반사 소실: S1
④ 발 가쪽 감각: S1",물리치료 중재 (신경계/근골격계)
2024,52,1교시,9,전신성 자가면역질환인 류마티스관절염에 관한 설명으로 옳은 것은? ① 헤베르덴결절이 발생한다 ② 관절연골 침범부터 시작된다 ③ 대칭성으로 다관절에 발생한다 ④ 체중부하관절에 주로 발생한다 ⑤ 야간에 심한 발작성 통증이 발생한다,③ 대칭성으로 다관절에 발생한다,"류마티스관절염 (Rheumatoid Arthritis, RA) 특징
자가면역질환. 관절의 윤활막(Synovium) 침범 (② 아님)
특징:
     대칭성 (Symmetric)
     다관절 (Polyarticular)
     주로 손가락 발가락 등 작은 관절 침범
① 헤베르덴결절: 퇴행성 관절염(OA)
④ 체중부하관절: OA
⑤ 야간 발작성 통증: 통풍(Gout)",물리치료 중재 (근골격계)
2024,52,1교시,10,어깨관절 탈구 환자에게 고정을 제거한 후 초기에 팔꿉관절의 능동운동을 먼저 시켜야 하는 이유는? ① 위팔근의 근력강화 ② 어깨관절의 폄 운동을 보조 ③ 어깨세모근의 뼈되기근육염 발생 방지 ④ 관절오목에서 위팔뼈머리의 관절일치성 유지 ⑤ 관절내 위팔두갈래근의 긴갈래힘줄 유착 방지,⑤ 관절내 위팔두갈래근의 긴갈래힘줄 유착 방지,"어깨 탈구 후 초기 재활
어깨관절 고정 시 위팔두갈래근(Biceps) 긴갈래(Long head) 힘줄이 유착(Adhesion)되기 쉬움
이 힘줄은 관절주머니 안(Intra-articular)을 지나감
초기 팔꿉관절(Elbow) 굽힘/폄 능동운동은 이 힘줄을 활주(Gliding)시켜 유착 방지",물리치료 중재 (근골격계)
2024,52,1교시,11,다음과 같이 부하의 변화를 적용하는 운동치료는? [표: 1세트 10RM 100% / 2세트 10RM 75% / 3세트 10RM 50%] ① 다프레(DAPRE) ② 옥스퍼드(Oxford) ③ 멕퀸(McQueen) ④ 델롬(DeLorme) ⑤ 플라이오메트릭,② 옥스퍼드(Oxford),"점진적 저항운동(PRE) 기법
델롬 (DeLorme): 점증 부하 (50% → 75% → 100%) (Warm-up)
옥스퍼드 (Oxford): 점감 부하 (100% → 75% → 50%) (Fatigue)
제시된 표는 부하가 100%에서 50%로 점차 감소하므로 옥스퍼드 기법",물리치료 중재 (운동치료)
2024,52,1교시,12,"굳은어깨 소견으로 통증을 호소하는 환자의 통증을 줄이기 위한 진동기법 관절가동술은? ① 작은 진폭, 가동범위의 시작 시 적용 ② 큰 진폭, 가동범위의 제한을 넘어서 적용 ③ 작은 진폭, 가동범위 제한을 넘어서 적용 ④ 큰 진폭, 가동범위 제한까지 실시하고, 조직저항까지 압력을 가함 ⑤ 작은 진폭, 가동범위 제한까지 실시하고, 조직저항까지 압력을 가함","① 작은 진폭, 가동범위의 시작 시 적용","메이틀랜드(Maitland) 관절가동술 등급
목적: 통증 조절 (굳은어깨 초기)
등급 I: 작은 진폭(Small amplitude)의 진동(Oscillation)을 가동범위 시작(Beginning) 부위에서 적용
등급 I은 관절 내 기계수용기(Mechanoreceptor)를 자극하여 통증을 조절 (관문조절설)",물리치료 중재 (도수치료)
2024,52,1교시,13,"무릎 가쪽 통증, 넙다리뼈큰돌기주머니염 소견과 과도한 골반 앞기울임 자세가 나타나는 환자를 위한 물리치료는? ① 큰볼기근 강화 ② 배곧은근 뻗침 ③ 중간볼기근 뻗침 ④ 넙다리네갈래근 강화 ⑤ 넙다리근막긴장근 뻗침",⑤ 넙다리근막긴장근 뻗침,"복합적 증상 분석
무릎 가쪽 통증: 엉덩정강근막띠(IT band) 마찰 증후군 의심
큰돌기주머니염: TFL/IT band가 큰돌기를 압박
과도한 골반 앞기울임: 엉덩허리근(Iliopsoas) 및 넙다리근막긴장근(TFL) 단축
공통 원인: 넙다리근막긴장근(TFL)의 과활성 및 단축
치료: 단축된 넙다리근막긴장근 뻗침(Stretching)",물리치료 중재 (운동치료)
2024,52,1교시,14,기계적 뻗침운동에 관한 설명으로 옳은 것은? ① 수축기법과 이완기법이 포함되어 있다 ② 빠르고 강한 강도의 간헐적 뻗침을 한다 ③ 치료사가 뻗침되는 근육에 손으로 외적 힘을 가한다 ④ 순간적으로 뻗치기 위해 작용근의 반복적 수축을 이용한다 ⑤ 무게 도르래를 이용하여 장시간 동안 뻗침력을 가한다,⑤ 무게 도르래를 이용하여 장시간 동안 뻗침력을 가한다,"뻗침운동(Stretching) 유형
기계적 뻗침 (Mechanical stretching):
     기계 장치(Cuff weight, 도르래)나 석고붕대(Serial casting) 이용
     특징: **낮은 강도(Low load)**로 장시간(Prolonged duration) 뻗침력 적용 (LLPS)
① PNF 기법 ② 탄성 뻗침 ③ 도수 뻗침 ④ 능동 뻗침",물리치료 중재 (운동치료)
2024,52,1교시,15,환자가 목발을 짚고 몸을 앞으로 나아가려고 할 때 어깨뼈가 올라갔다. 근력강화가 필요한 근육은? ① 가시위근 ② 넓은등근 ③ 머리널판근 ④ 위등세모근 ⑤ 어깨올림근,② 넓은등근,"목발 보행(Crutch gait) 필수 근육
목발 짚고 몸을 나아가려면 (예: Swing-through)
팔로 체중을 지지하고 엉덩이를 들어야 함
이때 어깨를 아래로 누르고(Depression) 몸통을 들어 올리는 근육 필요
핵심 근육: 넓은등근(Latissimus dorsi) 어깨가슴근(Pectoralis major)
보상작용: 어깨뼈가 올라감(Elevation) → 위등세모근/어깨올림근 우세 (비효율적)
강화 필요 근육: 넓은등근",물리치료 중재 (운동치료)
2024,52,1교시,16,위팔두갈래근을 강화하기 위해 선자세에서 덤벨을 들고 팔꿉관절 굽힘을 하고자 한다. 시작자세로 옳은 것은? ① 어깨관절 폄-아래팔 뒤침 ② 어깨관절 폄-아래팔 중립 ③ 어깨관절 폄-아래팔 엎침 ④ 어깨관절 굽힘-아래팔 중립 ⑤ 어깨관절 굽힘 아래팔 엎침,① 어깨관절 폄-아래팔 뒤침,"위팔두갈래근(Biceps brachii) 근력강화
위팔두갈래근: 두관절근육 (어깨 굽힘 + 팔꿉 굽힘 + 아래팔 뒤침)
능동불충분 방지: 한 관절(어깨)을 폄(Extension) 시켜 근육을 미리 늘려놓음
최대 활성화: 주된 기능인 아래팔 뒤침(Supination) 자세 유지
시작 자세: 어깨관절 폄 + 아래팔 뒤침
(참고: ③ 엎침(Pronation)은 위팔근(Brachialis) 집중 운동)",물리치료 중재 (운동치료)
2024,52,1교시,17,다음 환자에게 강화해야 할 근육은? • 발가락이 지면에 끌리는 걸음을 하고 있음 • 뒤쪽정지형 발목발보조기를 착용하고 있음 ① 앞정강근 ② 뒤정강근 ③ 장딴지근 ④ 긴종아리근 ⑤ 짧은종아리근,① 앞정강근,"발처짐 보행 (Foot Drop)
증상: 발가락이 끌림 (보행 시 발목 발등굽힘(Dorsiflexion) 안됨)
보조기: 뒤쪽정지형(Posterior stop) AFO → 발바닥굽힘(Plantarflexion) 방지
원인: 발등굽힘 근육 약화
주동근: 앞정강근 (Tibialis anterior)
치료: 앞정강근 근력 강화",물리치료 중재 (운동치료/보행)
2024,52,1교시,18,단단한 지면에서 한 다리서기를 하는 동안 몸통을 앞으로 최대한 기울인 자세를 유지하기 위한 균형조절전략은? ① 현수전략 ② 발디딤전략 ③ 발목관절전략 ④ 무릎관절전략 ⑤ 엉덩관절전략,⑤ 엉덩관절전략,"균형 조절 전략 (Balance Strategy)
발목 전략: 작은 흔들림 (지면 단단함)
엉덩관절 전략: 크고 빠른 흔들림 / 지면이 좁을 때 (한 다리 서기)
문제: '몸통을 앞으로 최대한 기울인' 상태 (신체질량중심(COM)이 지지기저면(BOS) 가장자리)
이 상태에서 균형 유지는 발목 조절만으로는 불가능
**엉덩관절(Hip)**을 축으로 몸통을 반대로 움직여 COM을 조절하는 엉덩관절전략 필요",물리치료 중재 (신경계)
2024,52,1교시,19,3개월 전 인대 재건술을 받고 무릎관절 굽힘 제한이 있는 환자에게 수행하는 무릎뼈 관절가동술의 미끄러짐 방향은? ① 앞쪽 ② 뒤쪽 ③ 가쪽 ④ 위쪽 ⑤ 아래쪽,⑤ 아래쪽,"무릎뼈(Patella) 관절가동술
무릎관절 굽힘 (Knee flexion) 시: 무릎뼈는 정강뼈를 따라 **아래쪽(Inferior)**으로 미끄러짐
무릎관절 폄 (Knee extension) 시: 무릎뼈는 **위쪽(Superior)**으로 미끄러짐
목표: 무릎 굽힘 제한 개선
중재: 무릎뼈의 아래쪽 미끄러짐(Inferior glide) 적용",물리치료 중재 (도수치료)
2024,52,1교시,20,목말밑 관절의 가쪽번짐 제한이 있는 환자에게 물리치료사가 목말뼈를 고정하고 환자의 발꿈치뼈에 미끄러짐을 적용하는 방향은? ① 안쪽 ② 앞쪽 ③ 뒤쪽 ④ 가쪽 ⑤ 위쪽,① 안쪽,"관절운동형상학 (Arthrokinematics) - 목말밑관절(Subtalar)
관절: 목말뼈(볼록) / 발꿈치뼈(오목) (※ 해석에 따라 다름. 여기서는 발꿈치뼈가 움직이는 것으로 간주)
운동: 가쪽번짐 (Eversion)
제한: 가쪽번짐 제한
관절가동술: 발꿈치뼈(Calcaneus)가 목말뼈에 대해 움직임
가쪽번짐 시: 발꿈치뼈는 **안쪽(Medial)**으로 미끄러짐 (볼록-오목 법칙 예외적 적용 또는 관절면 모양 고려)
(※ 임상적용: 가쪽번짐 제한 시 발꿈치뼈를 안쪽으로 밀어줌)",물리치료 중재 (도수치료)
2024,52,1교시,21,물리치료사가 엎드려 누운 환자에게 넙다리뼈머리의 앞쪽 미끄러짐 관절가동술을 적용하였다. 증가되는 엉덩관절의 움직임은? ① 폄 ② 굽힘 ③ 모음 ④ 벌림 ⑤ 안쪽돌림,① 폄,"관절운동형상학 (Arthrokinematics) - 엉덩관절(Hip)
관절: 절구(오목) / 넙다리뼈머리(볼록)
볼록-오목 법칙: 볼록(넙다리뼈머리)이 움직일 때 구르기(Roll)와 미끄러짐(Glide)은 반대
운동: 엉덩관절 폄 (Extension)
구르기: 뒤쪽 (Posterior)
미끄러짐: 앞쪽 (Anterior)
목표: 폄 증가
중재: 넙다리뼈머리의 앞쪽 미끄러짐(Anterior glide) 적용",물리치료 중재 (도수치료)
2024,52,1교시,22,"승용차 추돌사고로 목의 과다굽힘과 과다폄이 발생하여 목 통증과 목뼈의 움직임 감소, 압통점이 있는 환자를 위한 물리치료는? ① 손상 당일에는 자유능동운동 실시 ② 손상 초기에는 등급 III의 떼어당김 실시 ③ 손상이 심할 경우 최대 무게로 당김을 적용 ④ 염증의 삼출물 흡수를 위해 편심 저항운동 실시 ⑤ 손상된 지 4~5일 후에도 근 경축이 있으면 등척운동 실시",⑤ 손상된 지 4~5일 후에도 근 경축이 있으면 등척운동 실시,"편타성 손상 (Whiplash injury) 급성기/아급성기 중재
시기: 급성기(당일~3일) 이후 ~ 아급성기(4-5일 후)
증상: 근 경축(Muscle spasm) 통증
중재:
     급성기(①②③④)에는 안정(Rest) 및 염증 조절
     급성기가 지난 아급성기(4~5일 후)
     근 경축과 통증이 남아있다면 관절 손상 없이 근육만 자극하는 등척운동(Isometric exercise) (예: 가벼운 저항) 실시",물리치료 중재 (근골격계)
2024,52,1교시,23,물리치료사가 한 손으로 환자의 T5 왼쪽가로돌기를 고정하고 다른 손으로 T4 오른쪽가로돌기를 위앞쪽으로 밀어주었다. 증가하고자 하는 움직임은? ① 등뼈 폄 ② 등뼈 돌림 ③ 등뼈 굽힘 ④ 갈비뼈 올림 ⑤ 갈비뼈 내림,② 등뼈 돌림,"척추 관절가동술
고정: T5 왼쪽
움직임: T4 오른쪽을 '위앞쪽' (Anterior-Superior)으로 밈
척추 운동형상학:
     T4가 T5에 대해 움직임
     T4의 오른쪽 가로돌기가 앞으로 감 = T4가 왼쪽으로 돌림(Left rotation)
     (T4가 T5에 대해 위로 움직임 = 굽힘 요소 포함)
주된 움직임 요소는 돌림(Rotation)",물리치료 중재 (도수치료)
2024,52,1교시,24,"다음에서 설명하는 도수치료로 뻗침되는 근육은? • 환자는 앉은자세에서 목을 폄한 상태에서 오른쪽 가쪽 굽힘하고 왼쪽 돌림한다 • 물리치료사의 한 손은 환자의 머리와 얼굴 옆면을 고정하고 다른 손은 환자의 왼쪽 윗가슴에 위치한다 • 물리치료사는 환자에게 들숨 후 날숨 시키면서, 왼쪽 윗가슴을 꼬리쪽으로 압력을 적용한다 ① 목갈비근 ② 목널판근 ③ 머리널판근 ④ 큰머리곧은근 ⑤ 작은머리곧은근",① 목갈비근,"근육 뻗침 (Stretching) 자세
뻗침 자세:
     폄(Extension)
     오른쪽 가쪽굽힘(Rt. Lat. flexion)
     왼쪽 돌림(Left rotation)
이는 **왼쪽 목갈비근(Left Scalene)**의 작용과 반대되는 동작
목갈비근 작용: (같은쪽) 가쪽굽힘 / (반대쪽) 돌림 / 굽힘
또한 왼쪽 윗가슴(첫째/둘째 갈비뼈 부착부)을 꼬리쪽으로 압박하여 뻗침 강화
이는 호흡보조근인 목갈비근 뻗침 기법 (MET 등)",물리치료 중재 (도수치료)
2024,52,1교시,25,환자의 근력을 증진시키고자 한다. 휴대하기 쉽고 중력에 의존하지 않으며 빠른 속도에서도 안전하게 운동을 수행할 수 있는 기구는? ① 덤벨 ② 폼롤러 ③ 탄성밴드 ④ 치료용 공 ⑤ 중량케이블 시스템,③ 탄성밴드,"저항운동 기구 특성
휴대성: 탄성밴드 폼롤러 (①⑤는 무거움)
중력 의존 안함: 탄성밴드 (덤벨 케이블은 중력/방향 의존)
빠른 속도 안전: 탄성밴드 (덤벨은 관성 때문에 위험)
**탄성밴드(Elastic band)**가 모든 조건을 만족
탄성 저항은 늘어난 길이에 비례",물리치료 중재 (운동치료)
2024,52,1교시,26,노뼈 골절 후 금속플레이트 고정수술을 한 부위에 뼈유합 촉진을 위하여 적용할 수 있는 물리적 인자치료는? ① 장파 ② 초음파 ③ 극초단파 ④ 연속단파 ⑤ 고강도 레이저,② 초음파,"뼈유합(Bone healing) 촉진
초음파 (Ultrasound):
     맥동(Pulsed) 저강도(LI PUS) 초음파는 비열 효과
     세포막 투과성 증가 단백질 합성 촉진
     뼈유합 촉진(Fracture healing) 효과가 입증됨
금속플레이트(Metal plate): 금속이 있어도 초음파 적용 가능 (반사되므로 과열 주의. 맥동/이동식 적용)
③④ 단파/극초단파: 금속(Metal)에 절대적 금기
⑤ 레이저: 뼈까지 침투 어려움",물리치료 중재 (물리적인자치료)
2024,52,1교시,27,넙다리뼈머리 무혈성 괴사가 있는 소아환자의 자세를 엉덩 관절 벌림과 안쪽돌림으로 고정하는 보조기는? ① 토론토 보조기 ② 본로젠 보조기 ③ 파브릭 보조기 ④ 밀워키 보조기 ⑤ A프레임 보조기,① 토론토 보조기,"소아 엉덩관절 보조기
질환: 넙다리뼈머리 무혈성 괴사 (LCPD)
목표: 넙다리뼈머리를 절구 안에 잘 위치시킴 (Containment)
자세: 엉덩관절 벌림(Abduction) + 안쪽돌림(Internal rotation)
보조기: 토론토 보조기 (Toronto orthosis)
②③⑤: 선천성 엉덩관절 탈구(DDH) 보조기
④ 밀워키: 척추옆굽음증(Scoliosis) 보조기",물리치료 중재 (보조기)
2024,52,1교시,28,물렁조직 손상 시 상처 치유를 위한 물리적 인자치료로 적절한 것은? ① 러시안전류 ② 신경근전기자극 ③ 기능적전기자극 ④ 탈신경근전기자극 ⑤ 미세전류자극,⑤ 미세전류자극,"상처 치유(Wound healing) 전기치료
미세전류자극 (Microcurrent Electrical Stimulation, METS):
     1mA (1000 µA) 미만의 매우 약한 전류
     감각을 느끼지 못함
     인체의 자연적 손상전류(Injury current) 모방
     ATP 생성 촉진 단백질 합성 증가
     상처 치유 궤양(Ulcer) 치유 촉진에 사용",물리치료 중재 (물리적인자치료)
2024,52,1교시,29,다음 환자의 일상생활활동을 위한 물리치료 교육으로 옳은 것은? • 첫째에서 셋째 손가락과 넷째 손가락 가쪽에 저림 및 감각이상 발생함 • 통증은 밤에 더 심함 • 팔렌검사와 티넬징후 검사결과는 양성임 ① 과도한 손목펌을 하도록 권장 ② 손목보조기를 밤에 착용 ③ 팔굽 굽힘 동작을 하도록 권장 ④ 손가락 끝에 힘을 주어 물건 잡기 ⑤ 손목을 테이블 가장자리에 걸친 상태로 작업하도록 교육,② 손목보조기를 밤에 착용,"손목굴증후군 (Carpal Tunnel Syndrome, CTS)
증상: 정중신경(Median nerve) 영역 (1-3 + 4지 가쪽) 감각 저하
검사: 팔렌(Phalen) 티넬(Tinel) 양성
특징: 야간 통증 (수면 시 손목 굽힘 자세로 압박 증가)
교육 및 중재:
     손목보조기 (Splint): 손목을 중립(Neutral) 위치로 고정
     특히 **밤에 착용(Night splint)**하여 수면 중 압박 방지
     ①⑤: 손목 폄/굽힘(압박 증가) 피하기",물리치료 중재 (근골격계)
2024,52,1교시,30,뇌손상 환자가 운동과 감각 장애가 없고 대화가 가능한 의식 수준을 유지하고 있음에도 일상생활도구를 사용하지 못하는 증상은? ① 구성행위상실증 ② 관념행위상실증 ③ 착의행위상실증 ④ 볼얼굴행위상실증 ⑤ 관념운동행위상실증,② 관념행위상실증,"행위상실증 (Apraxia)
증상: 운동/감각 문제 없음. 물건 사용법이나 행위의 '개념(Idea)' 자체를 잃어버림
'일상생활도구를 사용하지 못함' (예: 칫솔로 머리를 빗음)
진단: 관념행위상실증 (Ideational apraxia) (What to do)
⑤ 관념운동행위상실증 (Ideomotor): 개념은 있으나 지시 수행(운동 계획)이 안됨 (How to do)",물리치료 중재 (신경계)
2024,52,1교시,31,"뇌졸중 환자에게서 같은 쪽 반맹증, 시각인식불능증, 시상 증후군이 나타나는 손상 혈관 부위는? ① 앞대뇌동맥 ② 중간대뇌동맥 ③ 뒤대뇌동맥 ④ 앞교통동맥 ⑤ 뇌바닥동맥",③ 뒤대뇌동맥,"뇌혈관별 뇌졸중 증상
뒤대뇌동맥 (Posterior Cerebral Artery, PCA):
     주 공급 영역: 뒤통수엽(Occipital lobe) 시상(Thalamus)
     뒤통수엽 손상: 같은쪽 반맹증(Homonymous hemianopsia) 시각인식불능증(Visual agnosia)
     시상 손상: 시상 증후군(Thalamic syndrome) (심한 감각 저하 및 통증)",물리치료 중재 (신경계)
2024,52,1교시,32,손상 기전에 따라 외상성 뇌손상 환자의 일차적 손상으로 옳은 것은? ① 대뇌부종 ② 산소 결핍 ③ 목동맥폐색 ④ 머리뼈 손상 ⑤ 뇌혈류 감소,④ 머리뼈 손상,"외상성 뇌손상 (TBI) 구분
일차적 손상 (Primary injury): 사고 '순간'에 발생한 직접적 손상
     머리뼈 손상(Skull fracture)
     뇌좌상(Contusion) 뇌진탕(Concussion)
     축삭 파열(DAI)
이차적 손상 (Secondary injury): 손상 '이후' 발생하는 병태생리적 문제
     ① 대뇌부종 ② 산소 결핍 ③ 폐색 ⑤ 뇌혈류 감소 (뇌압 상승 등)",물리치료 중재 (신경계)
2024,52,1교시,33,다음에서 설명하는 뇌성마비의 신경학적 유형은? • 대뇌겉질의 운동영역 손상 • 간대경련과 바빈스키반사에서 양성반응 • 동작 시 과긴장으로 인해 정형화된 운동패턴 발생 ① 실조형(ataxic type) ② 강직형(spastic type) ③ 떨림형(tremor type) ④ 저긴장형(hypotonic type) ⑤ 느린비틀림운동형(athetoid type),② 강직형(spastic type),"뇌성마비(CP) 유형별 특징
손상 부위: 대뇌겉질 운동영역 (피라미드계 손상)
특징:
     과긴장 (Hypertonia)
     간대경련 (Clonus)
     바빈스키반사 (Babinski) 양성
     정형화된 운동패턴 (시너지 패턴)
위 소견은 모두 **강직형(Spastic CP)**의 특징",물리치료 중재 (신경계/아동)
2024,52,1교시,34,파킨슨병 환자의 임상양상으로 옳은 것은? ① 활동떨림이 나타난다 ② 자세 긴장성이 소실된다 ③ 상반운동반복장애가 나타난다 ④ 운동의 시작이 어렵고 움직임이 느려진다 ⑤ 술 취한 듯 비틀거리는 실조보행이 나타난다,④ 운동의 시작이 어렵고 움직임이 느려진다,"파킨슨병 (Parkinson's Disease) 4대 증상 (TRAP)
T: 안정 시 떨림 (Resting tremor) (① 활동떨림은 소뇌 문제)
R: 경직 (Rigidity) (② 자세 긴장성 '증가')
A: 운동느림증 (Bradykinesia) / 운동없음증 (Akinesia)
     '운동 시작이 어렵고(Akinesia) 움직임이 느려짐(Bradykinesia)'
P: 자세 불안정성 (Postural instability)
③ 상반운동반복장애 ⑤ 실조보행: 소뇌(Cerebellum) 문제",물리치료 중재 (신경계)
2024,52,1교시,35,다음에서 설명하는 불완전 척수손상 증후군은? • 손상 수준 아래에서 고유감각과 진동감각 소실 • 손상 수준 아래에서 운동기능과 통각 및 온도감각 정상 ① 말총증후군 ② 앞척수증후군 ③ 뒤척수증후군 ④ 중심척수증후군 ⑤ 브라운-세카르증후군,③ 뒤척수증후군,"불완전 척수손상 증후군
손상 경로: 뒤기둥(Posterior column)
뒤기둥 기능: 고유감각(Proprioception) 진동감각(Vibration)
보존 경로: 겉질척수로(운동) 척수시상로(통각 온도)
결과: 운동 통각 온도는 '정상' / 고유감각 진동감각 '소실'
진단: 뒤척수증후군 (Posterior Cord Syndrome)",물리치료 중재 (신경계)
2024,52,1교시,36,C6 완전 척수손상 환자의 기능 수준으로 옳은 것은? ① 팔굽혀펴기 가능 ② 모든 자조활동의 독립적 수행 ③ 가벼운 가사와 식사 준비 가능 ④ 힘줄고정술로 약하게 움켜잡기 가능 ⑤ 표준 수동휠체어 조작의 독립적 수행,④ 힘줄고정술로 약하게 움켜잡기 가능,"C6 척수손상 기능 수준
잔존 근육: 손목 폄근(Wrist extensors) (예: ECRL/B)
마비 근육: 손가락 굽힘근(Finger flexors) 위팔세갈래근(Triceps) (① 아님)
핵심 기능:
     손목을 폄(Extension)하면 손가락이 수동적으로 굽혀짐
     이를 **힘줄고정술 (Tenodesis grip)**이라 함
     약하게(Passive) 물건 잡기(Grasp) 가능
⑤ 휠체어: 실내(Indoor) 독립 가능. 실외/경사로는 C7 이상",물리치료 중재 (신경계)
2024,52,1교시,37,"척수의 아래운동신경세포 손상으로 발병하고, 초기에는 손의 작은 근육에서 약화와 위축이 나타나며, 말기에는 호흡근 침범에 따른 호흡근 훈련이 필요한 질환은? ① 다발경화증 ② 척수물구멍증 ③ 진행성근위축증 ④ 길랭-바레증후군 ⑤ 진행성근이영양증",③ 진행성근위축증,"운동신경세포 질환 (MND)
질환: 루게릭병(ALS) 또는 그 아형(PMA)
손상: 위/아래운동신경세포(UMN/LMN) 동시 침범
(진행성근위축증(PMA)은 ALS의 아형으로 LMN 우세)
특징:
     아래운동신경세포(LMN) 손상: '근 위축(Atrophy)'
     초기: '손의 작은 근육(Small muscle)' 약화 (PMA/ALS)
     말기: '호흡근 침범'으로 인한 호흡 부전
(※편집자 주: '진행성근위축증'은 척수성 근위축증(SMA)을 지칭할 수도 있으나, 보기 구성과 증상(호흡근 침범)을 볼 때 ALS/MND 계열을 묻는 의도로 보임)",물리치료 중재 (신경계)
2024,52,1교시,38,외상으로 위팔뼈 중간부위가 골절되거나 지속적인 압박으로 신혼밤 마비가 발생되는 신경손상 환자에게 적합한 물리치료는? ① 손목 굽힘근 강화운동 ② 손가락 굽힘근 강화운동 ③ 아래팔 뒤침근 강화운동 ④ 손가락 모음근 강화운동 ⑤ 팔꿉관절 굽힘근 강화운동,③ 아래팔 뒤침근 강화운동,"노신경(Radial nerve) 손상
손상 기전: 위팔뼈 중간(Mid-shaft) 골절 / 신혼밤 마비(Saturday night palsy)
손상 신경: 노신경 (Radial nerve)
주요 증상: 손목 처짐 (Wrist drop) 손가락 처짐 (Finger drop)
마비 근육: 손목/손가락 폄근 / 아래팔 뒤침근(Supinator)
치료: 마비된 근육(뒤침근, 폄근) 강화 운동",물리치료 중재 (신경계/근골격계)
2024,52,1교시,39,다발경화증 환자를 위한 물리치료 교육으로 옳은 것은? ① 고강도의 신체 활동을 수행하도록 한다 ② 운동은 되도록 저녁시간에 하는 것이 바람직하다 ③ 일상생활에서 피로와 스트레스에 노출되지 않도록 한다 ④ 운동 후 휴식을 위해 고온에서 목욕하는 것이 바람직하다 ⑤ 최대한 많은 양의 에너지를 사용하는 신체 활동을 수행한다,③ 일상생활에서 피로와 스트레스에 노출되지 않도록 한다,"다발경화증 (Multiple Sclerosis, MS) 중재
핵심 문제: 피로 (Fatigue) 및 열 민감성 (Uhthoff's phenomenon)
교육:
     피로 관리: 에너지 보존법 교육. 과도한 피로/스트레스 노출 피하기
     열 회피: 고온(Hot bath, 더운 날씨) 피하기 (④ 반대)
     운동: 저강도/중강도. 오전에(시원할 때) 시행 (①⑤ 아님)",물리치료 중재 (신경계)
2024,52,1교시,40,뇌졸중 환자가 의자에서 일어서기 운동을 할 때 마비 쪽에 체중부하를 증진하는 방법은? ① 일어날 때 몸통을 돌림한다 ② 마비 쪽 발목관절은 발바닥굽힘을 유지한다 ③ 마비 쪽 발을 비마비 쪽 발보다 뒤에 놓는다 ④ 의자의 높이를 훈련초기에는 낮추고 점점 높인다 ⑤ 동작 초기에 몸통과 골반을 비스듬하게 뒤쪽으로 움직인다,③ 마비 쪽 발을 비마비 쪽 발보다 뒤에 놓는다,"일어서기(Sit to Stand) 체중부하 조절
일어설 때 체중은 발바닥으로 이동
무게중심을 앞으로 이동시키면서 일어남
발을 뒤에 놓을수록 해당 다리에 더 많은 체중부하가 걸림
목표: 마비 쪽 체중부하 증진
방법: 마비 쪽 발을 뒤에 / 비마비 쪽 발을 앞에 위치",물리치료 중재 (신경계)
2024,52,1교시,41,뇌졸중 환자에게 적용하는 고유수용성신경근촉진법의 원리로 옳은 것은? ① 위상굽힘근과 긴장폄근 촉진 ② 핵심부위조절을 통한 자세조절 ③ 원시반사를 통한 공동운동 촉진 ④ 적절한 저항을 이용한 방산과 강화 ⑤ 계통발생학적인 반사적 기기와 반사적 뒤집기의 촉진,④ 적절한 저항을 이용한 방산과 강화,"고유수용성신경근촉진법 (PNF) 원리
PNF는 나선형 대각선 패턴(D1/D2)과 다양한 기법(Technique)을 사용
기본 원리 (Basic Principles):
     적절한 저항 (Appropriate resistance)
     방산 (Irradiation): 강한 근육의 힘이 약한 근육으로 퍼져나감
     강화 (Reinforcement): 방산을 통해 약한 근육을 강화시킴
② 보바스(Bobath) ⑤ 보이타(Vojta)",물리치료 중재 (신경계)
2024,52,1교시,42,"팔꿉관절을 폄한 상태에서 아래팔을 엎침과 뒤침할 수 있고, 팔을 머리 위로 올릴 수 있는 뇌졸중 환자의 브룬스트롬 회복단계는? ① 2단계 ② 3단계 ③ 4단계 ④ 5단계 ⑤ 6단계",④ 5단계,"브룬스트롬(Brunnstrom) 회복단계
3단계: 공동운동(Synergy) 최고조
4단계: 공동운동에서 '일부' 벗어남 (예: 손 등 뒤로 가져가기)
5단계: 공동운동에서 '상당히' 벗어남. '분리된 움직임' 가능
     팔꿉관절 폄 + 아래팔 엎침/뒤침 (Pronation/Supination)
     팔을 머리 위로 (Overhead)
6단계: 거의 정상",물리치료 중재 (신경계)
2024,52,1교시,43,뇌졸중 환자의 밀기증후군에 대한 물리치료는? ① 고정자전거 타기 훈련 ② 비마비 쪽을 벽에 기대는 훈련 ③ 비마비 쪽으로 지팡이를 길게 잡고 훈련 ④ 거울을 보며 몸을 마비 쪽으로 기울이도록 훈련 ⑤ 물리치료사는 환자의 손상 쪽에 앉아서 환자가 물리치료사에게 기대도록 요구,② 비마비 쪽을 벽에 기대는 훈련,"밀기증후군 (Pusher Syndrome)
증상: 비마비 쪽(Soud side) 팔다리로 바닥을 밀어 마비 쪽(Affected side)으로 넘어지려 함
환자는 자신이 똑바로 섰다고 인지
치료:
     '밀 수 없게' 만들어야 함
     비마비 쪽(미는 쪽)을 벽에 기대게 하여 밀지 못하도록 함
     시각적 피드백(거울) 이용 (④번도 가능하나 ②가 더 직접적)
     (※ 정답 ② 근거: 밀기증후군은 비마비측의 과활성. 비마비측을 벽에 기대게 하여 미는 동작 자체를 차단하는 것이 효과적)",물리치료 중재 (신경계)
2024,52,1교시,44,근긴장도가 너무 낮아 바로누운자세에서 개구리다리 자세를 취하는 뇌성마비 아동을 위한 물리치료는? ① 공동운동을 억제하기 위한 치료 ② 관절운동범위를 증가하기 위한 뻗침운동 ③ 관절주위 조직을 이완하기 위한 관절가동술 ④ 수의적 반응을 억제하기 위한 빠른 움직임 유도 ⑤ 호흡을 촉진하기 위하여 울거나 크게 웃는 것을 유도,⑤ 호흡을 촉진하기 위하여 울거나 크게 웃는 것을 유도,"저긴장형(Hypotonic) 뇌성마비 중재
증상: 근긴장도 낮음 (Floppy) / 개구리다리 자세 (Frog-leg)
문제: 근육 활성도 부족 / 호흡근 약화
치료:
     근긴장도를 '높이는' 촉진(Facilitation) 기법 필요 (②③④ 반대)
     감각 입력 증가 (두드리기 쓸기)
     울기 크게 웃기: 호흡근(가로막 복근)을 강하게 수축시켜 활성화하고 긴장도를 높이는 데 도움",물리치료 중재 (신경계/아동)
2024,52,1교시,45,선자세를 통해 관절 주변의 협력 수축을 만드는 운동발달 단계는? ① 숙련 ② 안정성 ③ 운동성 ④ 조절된 안정성 ⑤ 조절된 운동성,② 안정성,"루드(Rood) 운동발달 4단계
① 운동성 (Mobility): 움직임 시작
② 안정성 (Stability): 항중력 자세 유지
     '선자세' (Standing) 유지
     '관절 주변 협력 수축(Co-contraction)' 필요 (예: 엉덩이 무릎 근육 동시 수축)
③ 조절된 안정성 (Controlled Mobility): 안정된 상태에서 몸통 움직임 (예: 선자세에서 팔 뻗기)
④ 숙련 (Skill): 조절된 움직임 (예: 걷기)
(※편집자 주: ①숙련과 ⑤조절된운동성은 동일한 'Skill' 단계. ③운동성과 ⑤조절된운동성 순서가 바뀌었으나 ②안정성의 정의가 명확함)",물리치료 중재 (신경계/아동)
2024,52,1교시,46,뇌손상 환자를 위해 예측적 균형조절을 증진하는 물리치료는? ① 한 다리로 서기 ② 치료용 공 위에 앉기 ③ 다양한 방향으로 팔뻗기 ④ 미니트램펄린 위에서 뛰기 ⑤ 눈을 감고 밸런스패드 위에 서기,③ 다양한 방향으로 팔뻗기,"균형 조절 유형
반응적(Reactive): 예상치 못한 자극에 반응 (예: 누가 밀었을 때)
예측적(Anticipatory): '스스로' 움직임을 시작하기 '전'에 자세를 미리 조절
     '팔뻗기(Reaching)' 동작
     팔을 뻗기 위해 무게중심이 이동할 것을 '예측'하고 몸통과 다리 근육을 미리 활성화",물리치료 중재 (신경계)
2024,52,1교시,47,C5 완전 척수손상 환자에 대한 기능적 훈련은? ① 손조절기가 달린 자동차 운전 ② 이동형 팔지지대를 이용한 식사 ③ 휠체어에서 매트로 독립적 이동 ④ 수동휠체어 독립적 사용 ⑤ 같은 높이에서 미끄럼판을 이용한 독립적 이동,② 이동형 팔지지대를 이용한 식사,"C5 척수손상 기능 수준
잔존 근육: 어깨세모근(Deltoid) 위팔두갈래근(Biceps) (어깨 벌림 팔꿉 굽힘 가능)
마비 근육: 위팔세갈래근(Triceps) 손목/손가락 근육
기능:
     팔을 들고 팔꿈치를 굽힐 수 있으나 손 기능 X
     이동형 팔지지대 (Mobile Arm Support, MAS): 팔의 무게를 받쳐줌
     MAS를 이용하여 식사 등 ADL 수행 가능
③④⑤: C6(손목폄) 또는 C7(삼두근) 이상 필요",물리치료 중재 (신경계)
2024,52,1교시,48,C6 완전 척수손상 환자가 침상에서 안정된 앉은자세를 위해 팔꿉관절을 잠김위치로 고정하는 어깨관절의 위치는? ① 가쪽돌림과 폄 ② 안쪽돌림과 폄 ③ 안쪽돌림과 벌림 ④ 가쪽돌림과 굽힘 ⑤ 안쪽돌림과 굽힘,① 가쪽돌림과 폄,"척수손상 환자 팔꿈치 잠김(Locking)
대상: C6 (위팔세갈래근(Triceps) 마비)
목표: 팔꿉관절 폄(Extension) 상태 고정
방법:
     어깨관절 폄(Extension)
     어깨관절 가쪽돌림(External rotation)
     아래팔 뒤침(Supination)
이 자세는 팔꿉관절의 인대와 구조물에 의해 수동적으로 잠김 위치가 됨",물리치료 중재 (신경계)
2024,52,1교시,49,"위-아래운동신경세포 변성질환으로 초기 강직마비가 나타나는 환자에 대한 독립단계의 물리치료는? ① 고강도, 고빈도의 기능 훈련 ② 강직 감소를 위한 빠른 능동운동 ③ 피로 발생 시 능동운동으로 전환 ④ 근력 강화를 위한 장시간 저항운동 ⑤ 관절운동범위 확보와 근력 강화훈련",⑤ 관절운동범위 확보와 근력 강화훈련,"질환: 루게릭병 (ALS) (위/아래운동신경세포 변성)
초기/독립단계: 환자가 아직 독립적 보행/생활 가능
증상: 강직(Spasticity - UMN) / 위축(Atrophy - LMN) / 피로(Fatigue)
중재:
     관절운동범위(ROM) 확보: 강직/구축 예방
     근력 강화: '과도하지 않은' 저-중강도 저항운동 (①④ 아님)
     피로(Fatigue) 예방이 매우 중요 (③ 반대)",물리치료 중재 (신경계)
2024,52,1교시,50,크룸프케마비 환자에게 필요한 운동치료는? ① 엄지 굽힘운동 ② 어깨뼈 가동운동 ③ 아래팔 뒤침운동 ④ 팔꿉관절 굽힘운동 ⑤ 어깨관절 가쪽돌림운동,① 엄지 굽힘운동,"팔신경얼기(Brachial plexus) 손상
얼브 마비 (Erb's palsy): C5-C6 (위쪽) 손상
크룸프케 마비 (Klumpke's palsy): C8-T1 (아래쪽) 손상
C8-T1 지배: 손과 손가락의 내재근(Intrinsic muscles) 손가락 굽힘근
증상: 갈퀴손(Claw hand) 변형 / 손의 작은 근육 마비
치료: 마비된 손가락/엄지 굽힘운동 등",물리치료 중재 (신경계)
2024,52,1교시,51,스포츠 경기 후 근육의 심한 피로현상과 긴장도 증가가 나타나는 운동선수에게 이완효과와 진정효과를 주기 위한 적절한 물리적 인자치료는? ① 중온욕 ② 소금 마찰욕 ③ 한랭 침수욕 ④ 고압 압주욕 ⑤ 소금얼음 교대마찰욕,① 중온욕,"수치료(Hydrotherapy) 온도 효과
목적: 경기 후 피로 / 근긴장 증가 / 이완 및 진정
한랭욕 (Cold bath): 염증 감소 통증 감소 (진정효과 적음)
고온욕 (Hot bath): 혈관 확장 (피로 가중 가능)
중온욕 (Tepid/Neutral bath): 33~36℃. 체온과 비슷
     자극이 적고 부교감신경 활성화
     진정(Sedative) 및 이완(Relaxation) 효과가 가장 큼",물리치료 중재 (물리적인자치료/수치료)
2024,52,1교시,52,외상성 뇌손상 환자의 엉치뼈 주변에 발생한 욕창 부위의 치유 촉진에 적합한 물리적 인자치료와 적용방식이 옳게 연결된 것은? ① 레이저-주사선조사법 ② 연속초음파-접촉고정법 ③ 간섭전류치료-흡인전극법 ④ 은침전극전기자극 표준은 침전극법 ⑤ 경피신경전기자극-탄소실리콘전극법,① 레이저-주사선조사법,"욕창(Pressure sore) / 상처 치유
레이저 (Laser): 저강도 레이저(LLLT)는 ATP 합성 촉진 콜라겐 합성
상처 치유 욕창 치유 촉진에 효과적
적용 방식:
     주사선조사법 (Scanning): 넓은 부위(엉치뼈 주변)에 비접촉식으로 레이저를 스캔하며 조사
② 연속초음파: 열 효과 (급성 상처 부적합)
③⑤ ICT/TENS: 주 목적이 상처치유 아님",물리치료 중재 (물리적인자치료)
2024,52,1교시,53,자신경병증으로 인한 손 변형에 사용하는 보조기는? ① 콕업 보조기 ② 긴맞섬 보조기 ③ 너클밴더 보조기 ④ 손목평보조 보조기 ⑤ 번넬등쪽손목 보조기,③ 너클밴더 보조기,"신경 손상별 손 보조기
자신경(Ulnar nerve) 손상:
     손 내재근(벌레근/뼈사이근) 마비
     변형: 갈퀴손 (Claw hand) (MCP 과다폄 + IP 굽힘)
보조기 (Splint):
     너클밴더 보조기 (Knuckle-bender splint)
     MCP 관절의 과다폄(Hyperextension)을 방지 (MCP 굽힘 유도)",물리치료 중재 (보조기)
2024,52,1교시,54,말초부종과 심박출량 감소 및 호흡곤란이 주요 증상으로 나타나는 질환은? ① 심근경색 ② 심내막염 ③ 급성심근염 ④ 안정협심증 ⑤ 울혈심부전,⑤ 울혈심부전,"심장질환 증상
질환: 울혈심부전 (Congestive Heart Failure, CHF)
병태: 심장의 펌프 기능 저하 → 심박출량 감소
좌심부전: 폐 울혈 → 호흡곤란
우심부전: 전신 울혈 → 말초부종 (예: 발목 부종)",물리치료 중재 (심폐계)
2024,52,1교시,55,"세균에 의해 발생하는 감염질환으로, 객혈과 고열이 동반되며 방사선 결과에서 허파 공동 형성이 확인되는 질환은? ① 폐렴 ② 폐결핵 ③ 폐공기증 ④ 공기가슴증 ⑤ 폐포단백증",② 폐결핵,"호흡기 감염질환
원인: 세균 (결핵균)
증상: 고열 객혈 (피가 섞인 가래)
X-ray 소견: 허파 공동 형성 (Cavity) (결핵균이 폐조직을 파괴한 빈 공간)
진단: 폐결핵 (Pulmonary Tuberculosis)",물리치료 중재 (심폐계)
2024,52,1교시,56,심장혈관질환의 위험요소가 있는 50세 남자에게 시행한 장기간 유산소 운동의 훈련 효과는? ① 심박수 증가 ② 분당호흡수 증가 ③ 수축기혈압 증가 ④ 동정맥산소차 증가 ⑤ 심근산소요구량 증가,④ 동정맥산소차 증가,"유산소 운동(Aerobic training)의 장기적 효과
심혈관계 적응 (안정 시):
     심박수(HR) 감소 (① 아님)
     혈압(BP) 감소 (③ 아님)
     심근산소요구량 감소 (⑤ 아님)
호흡계 적응: 분당호흡수 감소 (② 아님)
말초 적응:
     근육 내 모세혈관 발달 / 미토콘드리아 증가
     근육이 혈액에서 산소를 더 효율적으로 뽑아 씀
     동정맥산소차 (a-vO2 difference) 증가",물리치료 중재 (심폐계/운동생리)
2024,52,1교시,57,"운동부하검사에서 환자가 ""매우 힘들다.""라며 검사 종료를 요청하였다. Borg 척도에서 이 환자의 운동자각도는? ① 15 ② 11 ③ 13 ④ 17 ⑤ 20",④ 17,"보그(Borg) 척도 (RPE Scale) (6-20 척도)
11: '비교적 가벼움' (Light)
13: '약간 힘듦' (Somewhat hard)
15: '힘듦' (Hard)
17: '매우 힘듦' (Very hard)
19-20: '매우 매우 힘듦' (Maximal)
""매우 힘들다""는 17에 해당",물리치료 중재 (심폐계)
2024,52,1교시,58,"기도청결을 위한 기법으로, 호흡조절과 가슴팽창 및 노력성 날숨을 반복해 실시하는 호흡물리치료는? ① 가쁜기침 ② 능동적배출 ③ 양압날숨호흡 ④ 간헐적양압호흡 ⑤ 능동주기호흡법",⑤ 능동주기호흡법,"기도 청결(Airway clearance) 기법
능동주기호흡법 (Active Cycle of Breathing Technique, ACBT):
3단계 반복
     1. 호흡조절 (Breathing control): 이완
     2. 가슴팽창 (Thoracic expansion): 심호흡 (객담 이동)
     3. 노력성 날숨 (Forced expiratory technique, FET): 허핑(Huffing) (객담 배출)",물리치료 중재 (심폐계)
2024,52,1교시,59,허파의 특정 부위에 환기량을 증가시키기 위해 실시하는 호흡물리치료는? ① 유산소운동 ② 허인두호흡운동 ③ 호흡근강화운동 ④ 허파분절호흡운동 ⑤ 오므린입술호흡운동,④ 허파분절호흡운동,"호흡 운동(Breathing exercise) 목적
허파분절호흡운동 (Segmental breathing):
     환자가 환기가 잘 안 되는 '특정 허파 분절'에 집중
     치료사는 해당 부위에 손을 대고 촉각 자극(Tactile cue) 제공
     해당 부위의 환기(Ventilation)를 국소적으로 증가시킴",물리치료 중재 (심폐계)
2024,52,1교시,60,멜라닌 세포 결핍으로 피부에 탈색반이 나타나는 환자에게 적합한 물리적 인자치료는? ① 자외선 ② 적외선 ③ 초음파 ④ 극초단파 ⑤ 경피신경전기자극,① 자외선,"피부질환과 광선치료 질환: 백반증 (Vitiligo) (멜라닌 세포 결핍) 치료: 자외선 (Ultraviolet, UV) 치료 특히 UVB (Narrowband UVB) 또는 PUVA (Psoralen + UVA) 자외선이 멜라닌 세포의 재색소침착(Repigmentation)을 유도",물리치료 중재 (물리적인자치료/피부)
2024,52,1교시,61,유방암 수술 후 오른쪽 팔에 림프부종이 발생한 환자에게 적용하는 도수림프배액법의 치료 효과로 옳은 것은? ① 근력 증가 ② 림프형성 감소 ③ 림프혈관운동성 증가 ④ 교감신경계 자극 촉진 ⑤ 몸쪽에서 먼쪽으로 림프 이동 촉진,③ 림프혈관운동성 증가,도수림프배액법(MLD) 효과 MLD는 매우 부드러운 자극으로 피부 아래 림프관을 자극 림프관 자체의 자발적인 수축(운동성)을 촉진(증가)시켜 림프액 이동을 돕는 기법 (부교감신경을 자극하여 이완/진정 효과 ) (먼쪽에서 몸쪽으로 림프를 이동시킴 ),물리치료 중재 (림프)
2024,52,1교시,62,"겨울철 야외근무 후 발가락 끝에 쑤시는 통증과 함께 충혈, 부종, 물집이 발견된 환자의 초기 관리로 옳은 것은? ① 감염을 방지하기 위해 물집 터뜨리기 ② 피부유착을 방지하기 위해 발 마사지하기 ③ 부종을 줄이기 위해 다리를 심장보다 높게 들기 ④ 체온을 회복하기 위해 뜨거운 물(43℃ 이상)에 발 담그기 ⑤ 습윤환경을 유지하기 위해 젖은 거즈를 발가락 사이에 끼우기",③ 부종을 줄이기 위해 다리를 심장보다 높게 들기,동상(Frostbite) 초기 관리 증상은 동상(2도 이상) 물집(수포)은 감염 위험으로 터뜨리지 않음 마사지 금지 (얼음 결정이 조직 추가 손상) 재가온은 38-42℃의 '따뜻한' 물로 천천히 (뜨거운 물 금지) 부종 감소를 위해 다리를 심장보다 높게 올리는(Elevation) 것이 도움됨,물리치료 중재 (피부)
2024,52,1교시,63,"어깨관절에 3도 화상을 입은 환자의 구축방지 자세는? ① 어깨관절 벌림, 폄, 안쪽돌림 ② 어깨관절 모음, 폄, 가쪽돌림 ③ 어깨관절 벌림, 굽힘, 안쪽돌림 ④ 어깨관절 벌림, 굽힘, 가쪽돌림 ⑤ 어깨관절 모음, 굽힘, 가쪽돌림","④ 어깨관절 벌림, 굽힘, 가쪽돌림",화상 구축(Contracture) 방지 자세 어깨관절(특히 겨드랑이) 화상은 모음(Adduction) 안쪽돌림(Internal rotation) 구축이 가장 흔하게 발생 따라서 구축 방지를 위해 반대 자세 즉 벌림(Abduction) 굽힘(Flexion) 가쪽돌림(External rotation) 자세를 취해야 함,물리치료 중재 (피부)
2024,52,1교시,64,이틀 전에 왼쪽 중간대뇌동맥 뇌경색 진단을 받은 60대 남자 환자의 침상 자세 조절로 옳은 것은? ① 바로누운자세에서는 골반을 뒤당김시킨다 ② 바로누운자세에서는 머리를 왼쪽으로 돌림시킨다 ③ 오른쪽 옆으로 누울 때 손상 쪽 무릎관절을 폄시킨다 ④ 오른쪽 옆으로 누울 때 손상 쪽 어깨관절을 내밈시킨다 ⑤ 오른쪽 옆으로 누울 때 손상 쪽 엉덩관절을 굽힘시킨다,④ 오른쪽 옆으로 누울 때 손상 쪽 어깨관절을 내밈시킨다,뇌졸중 환자 자세 조절 (왼쪽 손상/마비) 비마비측(오른쪽)으로 누울 때 마비측(왼쪽) 어깨는 뒤당김(Retraction) 패턴이 나타나기 쉬움 이를 억제하기 위해 마비측(손상 쪽) 어깨뼈를 앞으로 내밈(Protraction) 시켜야 함 (① 골반은 앞당김 / ② 머리는 비손상측(오른쪽) 돌림 / ③ 무릎은 굽힘),물리치료 중재 (신경계)
2024,52,1교시,65,60세 여자가 밭일로 어깨를 과사용한 결과 돌림근띠 봉합 수술을 받고 3일이 지났다. 현재 안정 시에 수술 부위의 통증을 호소한다. 적절한 중재는? ① 저항운동 ② 낮은 강도의 근고정운동 ③ 기능적 독립성 회복운동 ④ 다각도 최대하 등척운동 ⑤ 완전범위까지 수동적 뻗침운동,② 낮은 강도의 근고정운동,돌림근띠 봉합술 직후(3일) (급성기/최대보호기) 안정 시 통증은 염증 반응 의미 이 시기에는 봉합 부위 보호가 최우선 강한 저항운동(①④)이나 수동 뻗침(⑤)은 봉합부 파열 위험 통증을 유발하지 않는 범위에서 '낮은 강도의 근고정운동(등척운동)'을 통해 근활성을 유지하고 혈액순환 촉진,물리치료 중재 (근골격계)
2024,52,1교시,66,「의료법」에 규정된 의료법의 목적은? ① 국민 대상 보건 교육 ② 국민 대상 사회복지 활성화 ③ 국민에게 의료기기 보급 ④ 국민의 건강을 보호하고 증진 ⑤ 국민의 인간다운 삶과 권리 보장,④ 국민의 건강을 보호하고 증진,"의료법 제1조(목적) ""이 법은 모든 국민이 수준 높은 의료 혜택을 받을 수 있도록 국민의료에 필요한 사항을 규정함으로써 국민의 건강을 보호하고 증진함을 목적으로 한다""",의료관계법규
2024,52,1교시,67,「의료법」상 세탁물처리업을 하는 'A'가 교통사고로 2개월간 휴업을 하고자 하는 경우 'A'는 누구에게 신고해야 하는가? ① 시장 ② 대통령 ③ 보건소장 ④ 보건복지부장관 ⑤ 행정안전부장관,① 시장,의료법 시행규칙 제48조(휴업·폐업의 신고) 의료기관 세탁물처리업자는 1개월 이상 휴업 시 관할 시·도지사 또는 '시장·군수·구청장'에게 신고 보기 중 '시장'이 이에 해당,의료관계법규
2024,52,1교시,68,「의료법」상 외국의 의료인 면허를 가지고 일정기간 국내에 체류하는 자가 국내에서 교육연구사업을 수행하기 위해서는 누구의 승인을 받아야 하는가? ① 보건소장 ② 외교부장관 ③ 보건복지부장관 ④ 특별자치도지사 ⑤ 시장·군수·구청장,③ 보건복지부장관,의료법 제27조(무면허 의료행위 등 금지) 1항 예외 외국 면허 소지자가 교육연구사업을 위해 의료행위를 할 경우 '보건복지부장관'의 승인을 받아야 함,의료관계법규
2024,52,1교시,69,「의료법」에 규정된 정보통신기술을 활용하여 먼 곳에 있는 의료인에게 의료지식이나 기술을 지원하는 것은? ① 대면의료 ② 원격의료 ③ 대체의료 ④ 컴퓨터의료 ⑤ 인공지능의료,② 원격의료,의료법 제34조(원격의료) '원격의료'는 정보통신기술을 활용하여 의료지식이나 기술을 지원하는 것(의료인 간) 또는 환자를 진료하는 것(의료인-환자)을 의미,의료관계법규
2024,52,1교시,70,"「의료법」의 의료기관의 의료용 시설·기재·약품, 그 밖의 기물 등을 파괴·손상하거나 의료기관을 점거하여 진료를 방해하면 아니 된다를 위반한 경우 규정된 벌칙은? ① 1년 이하의 징역이나 1천만원 이하의 벌금 ② 2년 이하의 징역이나 2천만원 이하의 벌금 ③ 3년 이하의 징역이나 3천만원 이하의 벌금 ④ 5년 이하의 징역이나 3천만원 이하의 벌금 ⑤ 5년 이하의 징역이나 5천만원 이하의 벌금",⑤ 5년 이하의 징역이나 5천만원 이하의 벌금,의료법 제12조(의료기술 등의 보호) 및 제87조(벌칙) 의료기관 시설 기물 파괴 손상 점거 등으로 진료를 방해하는 행위 '5년 이하의 징역이나 5천만원 이하의 벌금'에 처함,의료관계법규
2024,52,1교시,71,다음은 「의료기사 등에 관한 법률」상 의료기사의 정의이다. ( )안에 들어갈 내용으로 옳은 것은? 의사 또는 치과의사의 지도 아래 ( )에 종사하는 사람을 말한다 ① 진료나 의무기록 ② 진료나 의화학적 검사 ③ 진료 보조나 의학적 검사 ④ 의무기록 또는 진료 보조 ⑤ 진료 보조 및 이학적 검사,② 진료나 의화학적 검사,의료기사 등에 관한 법률 제2조(정의) '의료기사'란 의사 또는 치과의사의 지도 아래 '진료나 의화학적 검사'에 종사하는 사람을 말함,의료관계법규
2024,52,1교시,72,"「의료기사 등에 관한 법률」상 물리치료사 국가시험의 출제방법, 과목별 배점비율, 그 밖에 시험 시행에 필요한 사항을 정하는 자는? ① 대통령 ② 국회의장 ③ 질병관리청장 ④ 행정안전부장관 ⑤ 국가시험관리기관의 장",⑤ 국가시험관리기관의 장,의료기사법 시행령 제4조(국가시험의 시행) 시험과목 배점비율 등은 보건복지부령으로 정하나 세부적인 출제방법 등 시험 시행에 필요한 사항은 '국가시험관리기관의 장'(한국보건의료인국가시험원장)이 정함,의료관계법규
2024,52,1교시,73,「의료기사 등에 관한 법률」상 의료기사등의 면허없이 의료기사등의 업무를 수행할 수 있는 자는? ① 면허는 없으나 의료기사 업무에 숙달된 자 ② 면허는 없으나 물리치료 업무를 설명하는 자 ③ 면허증을 대여받아 의료기사등의 업무를 수행하는 자 ④ 대학에서 취득하려는 면허에 상응하는 교육과정을 이수하기 위해 실습 중인 자 ⑤ 물리치료사 국가시험에 합격한 후 면허증 발급을 기다리며 의료기관에 취업예정인 자,④ 대학에서 취득하려는 면허에 상응하는 교육과정을 이수하기 위해 실습 중인 자,의료기사법 제10조(무면허자의 업무금지 등) 예외 조항 대학 등에서 면허에 상응하는 '교육과정을 이수하기 위한 실습' 중인 경우는 무면허 업무에 해당하지 않음,의료관계법규
2024,52,1교시,74,「의료기사 등에 관한 법률」상 5년 동안 물리치료사 보수교육이 유예된 'A'가 물리치료 업무에 종사하려고 할 때 받아야 하는 보수교육 시간은 몇 시간 이상인가? ① 4시간 ② 8시간 ③ 12시간 ④ 16시간 ⑤ 20시간,⑤ 20시간,의료기사법 시행규칙 제11조(보수교육) 보수교육 유예자가 업무에 재종사 시 유예 기간에 따라 교육 이수 (문제 출제 시점 과거 규정 기준) 5년 이상 유예 시 20시간 이상 이수,의료관계법규
2024,52,1교시,75,「의료기사 등에 관한 법률」상 물리치료사 면허를 다른 사람에게 대여한 경우 규정된 벌칙은? ① 1년 이하의 징역이나 1천만원 이하의 벌금 ② 2년 이하의 징역이나 2천만원 이하의 벌금 ③ 3년 이하의 징역이나 3천만원 이하의 벌금 ④ 5년 이하의 징역이나 3천만원 이하의 벌금 ⑤ 5년 이하의 징역이나 5천만원 이하의 벌금,③ 3년 이하의 징역이나 3천만원 이하의 벌금,의료기사법 제29조(벌칙) 면허증을 '대여'한 자 (또는 대여받은 자) '3년 이하의 징역 또는 3천만원 이하의 벌금'에 처함,의료관계법규
2024,52,1교시,76,「장애인복지법」상 장애인 종합정책의 수립·이행을 감독· 평가하기 위한 장애인정책조정위원회는 누구의 소속하에 두어야 하는가? ① 대통령 ② 국무총리 ③ 시·도지사 ④ 국립재활원장 ⑤ 보건복지부장관,② 국무총리,장애인복지법 제11조(장애인정책조정위원회) 장애인 종합정책을 심의 조정하기 위해 '국무총리' 소속으로 장애인정책조정위원회를 둠,의료관계법규
2024,52,1교시,77,「장애인복지법」상 시장·군수·구청장이 등록증을 받은 장애인의 장애 상태의 변화에 따른 장애 정도를 조정할 때 정밀심사를 의뢰할 수 있는 공공기관은? ① 국립암센터 ② 국립재활원 ③ 국립대병원 ④ 국민연금공단 ⑤ 국립중앙의료원,④ 국민연금공단,장애인복지법 시행령 제7조(장애 정도 심사) 시장·군수·구청장은 장애 진단 및 장애 정도의 심사를 '국민연금공단'(이사장)에 의뢰할 수 있음 (공단이 장애등급 심사 업무 위탁 수행),의료관계법규
2024,52,1교시,78,「장애인복지법」상 국가와 지방자치단체 외의 자가 장애인 복지시설을 설치·운영하려면 해당 시설의 관할 소재지 누구에게 신고하여야 하는가? ① 경찰서장 ② 보건소장 ③ 소방서장 ④ 시장·군수·구청장 ⑤ 문화체육관광부장관,④ 시장·군수·구청장,장애인복지법 제59조(시설 설치·운영 신고) 국가 또는 지방자치단체 외의 자가 장애인복지시설을 설치·운영하려면 관할 '시장·군수·구청장'에게 신고해야 함,의료관계법규
2024,52,1교시,79,「노인복지법」상 노인의 보건 및 복지증진을 위한 시책을 강구하여 추진하여야 하는 자는? ① 국가와 노인복지시설 ② 국가와 지방자치단체 ③ 지방자치단체와 노인복지시설 ④ 지방자치단체와 한국사회복지협의회 ⑤ 한국사회복지협의회와 노인복지시설,② 국가와 지방자치단체,노인복지법 제4조(보건복지 증진의무) '국가와 지방자치단체'는 노인의 보건 및 복지증진 시책을 강구하고 추진해야 할 의무가 있음,의료관계법규
2024,52,1교시,80,「노인복지법」상 시장·군수·구청장이 국·공립 병원에서 65세 이상의 자에게 2년에 1회 이상 받게 할 수 있는 것은? ① 건강진단 ② 재무상담 ③ 복지조치 ④ 생업지원 ⑤ 보건급여,① 건강진단,노인복지법 제27조(건강진단 등) 시장·군수·구청장은 65세 이상 노인(수급권자 등)에게 2년에 1회 이상 '건강진단'을 실시할 수 있음,의료관계법규
2024,52,1교시,81,「노인복지법」상 노인들의 사회활동 참여욕구를 충족시키기 위하여 건전한 취미생활·노인건강유지·소득보장 기타 일상 생활과 관련한 학습프로그램을 제공함을 목적으로 하는 시설은? ① 노인교실 ② 양로시설 ③ 노인복지주택 ④ 노인요양시설 ⑤ 노인요양공동생활가정,① 노인교실,노인복지법 제36조(노인여가복지시설) '노인교실'은 노인들을 대상으로 사회활동 참여욕구 충족을 위한 학습 프로그램을 제공하는 시설,의료관계법규
2024,52,1교시,82,「노인복지법」상 노인에 대한 금지행위에 해당하지 않는 것은? ① 노인을 이용하여 구걸하는 행위 ② 노인의 신체에 폭행을 가하거나 상해를 입히는 행위 ③ 노인의 자유의사로 합의된 노동을 하도록 하는 행위 ④ 노인에게 성적 수치심을 주는 성폭행·성희롱 등의 행위 ⑤ 노인을 위하여 증여 또는 급여된 금품을 그 목적 외의 용도에 사용하는 행위,③ 노인의 자유의사로 합의된 노동을 하도록 하는 행위,노인복지법 제39조의9(금지행위) ①②④⑤는 모두 노인 학대에 해당하는 금지행위 ③ '자유의사로 합의된 노동'은 학대나 금지행위에 해당하지 않음,의료관계법규
2024,52,1교시,83,「국민건강보험법」상 사용자는? ① 보건복지부장관 ② 의료법인의 이사 ③ 사립학교에서 근무하는 교사 ④ 사립학교 행정실에서 근무하는 직원 ⑤ 지방자치단체에서 공무에 종사하는 직원,① 보건복지부장관,"국민건강보험법 제2조(정의) '사용자'란 근로자가 소속된 사업장의 사업주, 공무원이 소속된 기관의 장, 교직원이 소속된 학교의 설립자 등 (※ 편집자 주: ③④⑤는 근로자(직장가입자). ②는 사용자 아님. ① 보건복지부장관은 공단의 관장 주체이며 사용자가 아님. 문제 또는 답안에 명백한 오류가 있으나 제공된 최종답안 ①을 기준으로 함.)",의료관계법규
2024,52,1교시,84,「국민건강보험법」상 직장가입자로 옳은 사람은? ① 현역병 ② 군간부후보생 ③ 비상근 교직원 ④ 전환복무된 사람 ⑤ 사업장의 상근 근로자,⑤ 사업장의 상근 근로자,국민건강보험법 제6조(가입자) '직장가입자'는 '모든 사업장의 근로자' '공무원' '교직원' '사업장의 상근 근로자'가 이에 해당 ①②④(군인 등)는 적용 제외. ③(비상근)은 제외,의료관계법규
2024,52,1교시,85,「국민건강보험법」상 보험급여의 정지 대상자로 옳은 사람은? ① 신생아 ② 정규직 공무원 ③ 해외에 체류 중인 회사원 ④ 지방에 출장 중인 정규직 교직원 ⑤ 의료기관에서 근무하는 물리치료사,③ 해외에 체류 중인 회사원,"국민건강보험법 제54조(급여의 정지) '국외에 체류'하는 경우 그 기간(1개월 이상) 동안 보험급여를 정지함 (단, 업무상 출국(④) 등은 예외)",의료관계법규
